CLIENT_ID,MAIN_REF_NUMBER,EVENT_PUBLISHER_DATE,VPSPEND,CDSPEND,CLICKS,APPLY_START
3ff50003-2fe1-48f8-9f7b-f9966f73cddf,100020,2025-06-27,316.75,372.66,142,2
3ff50003-2fe1-48f8-9f7b-f9966f73cddf,100043,2025-06-27,0,0,0,1
3ff50003-2fe1-48f8-9f7b-f9966f73cddf,100012,2025-06-12,22.46,53.29,232,15
3ff50003-2fe1-48f8-9f7b-f9966f73cddf,100024,2025-06-12,9.21,14.8,148,8
3ff50003-2fe1-48f8-9f7b-f9966f73cddf,100064,2025-06-12,13.24,34.37,128,8
3ff50003-2fe1-48f8-9f7b-f9966f73cddf,100007,2025-06-12,6.1,12.21,41,2
3ff50003-2fe1-48f8-9f7b-f9966f73cddf,100055,2025-06-29,2,2.35,44,2
3ff50003-2fe1-48f8-9f7b-f9966f73cddf,100020,2025-06-11,22.57,28.4,139,5
3ff50003-2fe1-48f8-9f7b-f9966f73cddf,100055,2025-06-11,21.83,25.68,115,3
3ff50003-2fe1-48f8-9f7b-f9966f73cddf,100034,2025-06-11,33.6,42.1,87,11
3ff50003-2fe1-48f8-9f7b-f9966f73cddf,100037,2025-06-11,14.81,38.44,142,7
3ff50003-2fe1-48f8-9f7b-f9966f73cddf,100008,2025-06-19,101.65,121.89,179,19
3ff50003-2fe1-48f8-9f7b-f9966f73cddf,100051,2025-06-23,250.42,305.31,683,28
3ff50003-2fe1-48f8-9f7b-f9966f73cddf,100001,2025-06-23,195.17,234.24,217,13
3ff50003-2fe1-48f8-9f7b-f9966f73cddf,100018,2025-06-23,213.86,254.41,244,39
3ff50003-2fe1-48f8-9f7b-f9966f73cddf,100030,2025-06-23,270.61,321.12,93,24
3ff50003-2fe1-48f8-9f7b-f9966f73cddf,100073,2025-06-23,152.73,180.24,254,15
3ff50003-2fe1-48f8-9f7b-f9966f73cddf,100041,2025-06-28,0,0,0,1
3ff50003-2fe1-48f8-9f7b-f9966f73cddf,100064,2025-07-01,19.95,23.47,185,7
3ff50003-2fe1-48f8-9f7b-f9966f73cddf,100052,2025-06-11,33.57,49.27,283,23
3ff50003-2fe1-48f8-9f7b-f9966f73cddf,100073,2025-06-19,11.44,11.53,20,1
3ff50003-2fe1-48f8-9f7b-f9966f73cddf,100064,2025-06-28,352.93,454.84,410,31
3ff50003-2fe1-48f8-9f7b-f9966f73cddf,100003,2025-06-25,93.56,119.78,226,43
3ff50003-2fe1-48f8-9f7b-f9966f73cddf,100037,2025-06-25,38.71,48.4,196,22
3ff50003-2fe1-48f8-9f7b-f9966f73cddf,100035,2025-06-25,16.14,20.06,50,3
3ff50003-2fe1-48f8-9f7b-f9966f73cddf,100034,2025-06-25,3.45,4.14,10,2
3ff50003-2fe1-48f8-9f7b-f9966f73cddf,100074,2025-06-25,0.25,0.29,1,1
3ff50003-2fe1-48f8-9f7b-f9966f73cddf,100008,2025-06-25,4.41,5.35,6,1
3ff50003-2fe1-48f8-9f7b-f9966f73cddf,100002,2025-06-25,1.2,1.41,3,0
3ff50003-2fe1-48f8-9f7b-f9966f73cddf,100028,2025-06-13,10.45,31.2,88,7
3ff50003-2fe1-48f8-9f7b-f9966f73cddf,100022,2025-06-13,17.37,60.89,103,20
3ff50003-2fe1-48f8-9f7b-f9966f73cddf,100004,2025-06-09,12.74,14.25,109,7
3ff50003-2fe1-48f8-9f7b-f9966f73cddf,100014,2025-06-09,10.73,14.19,65,13
3ff50003-2fe1-48f8-9f7b-f9966f73cddf,100030,2025-06-09,5.81,6.47,22,1
3ff50003-2fe1-48f8-9f7b-f9966f73cddf,100014,2025-06-30,7.52,9.85,1,4
3ff50003-2fe1-48f8-9f7b-f9966f73cddf,100033,2025-06-09,25.49,37.72,163,1
3ff50003-2fe1-48f8-9f7b-f9966f73cddf,100028,2025-06-30,9.4,12.31,0,5
3ff50003-2fe1-48f8-9f7b-f9966f73cddf,100020,2025-06-01,1.15,1.35,17,0
3ff50003-2fe1-48f8-9f7b-f9966f73cddf,100036,2025-06-10,15.81,19.27,202,5
3ff50003-2fe1-48f8-9f7b-f9966f73cddf,100002,2025-06-10,13.1,15.8,185,17
3ff50003-2fe1-48f8-9f7b-f9966f73cddf,100034,2025-06-10,28.31,44.84,100,13
3ff50003-2fe1-48f8-9f7b-f9966f73cddf,100047,2025-06-10,8.42,9.37,36,4
3ff50003-2fe1-48f8-9f7b-f9966f73cddf,100004,2025-06-24,49.01,62.33,67,14
3ff50003-2fe1-48f8-9f7b-f9966f73cddf,100022,2025-06-24,100.15,129.85,51,49
3ff50003-2fe1-48f8-9f7b-f9966f73cddf,100003,2025-06-24,105.17,134.73,105,23
3ff50003-2fe1-48f8-9f7b-f9966f73cddf,100040,2025-06-24,8.37,9.85,39,7
3ff50003-2fe1-48f8-9f7b-f9966f73cddf,100030,2025-06-24,16.42,21.15,13,6
3ff50003-2fe1-48f8-9f7b-f9966f73cddf,100024,2025-06-24,23.97,31.13,9,9
3ff50003-2fe1-48f8-9f7b-f9966f73cddf,100054,2025-06-04,3.26,5.16,37,2
3ff50003-2fe1-48f8-9f7b-f9966f73cddf,100054,2025-06-16,5.21,6.13,26,4
3ff50003-2fe1-48f8-9f7b-f9966f73cddf,100011,2025-06-16,64.09,118.79,491,27
3ff50003-2fe1-48f8-9f7b-f9966f73cddf,100020,2025-06-16,20,27.64,166,4
3ff50003-2fe1-48f8-9f7b-f9966f73cddf,100030,2025-06-16,10.64,28.69,105,8
3ff50003-2fe1-48f8-9f7b-f9966f73cddf,100019,2025-06-16,7.5,8.82,69,0
3ff50003-2fe1-48f8-9f7b-f9966f73cddf,100011,2025-06-18,190.62,209.62,1083,16
3ff50003-2fe1-48f8-9f7b-f9966f73cddf,100064,2025-06-18,63.21,86.9,256,18
3ff50003-2fe1-48f8-9f7b-f9966f73cddf,100026,2025-06-18,81.46,104.22,63,21
3ff50003-2fe1-48f8-9f7b-f9966f73cddf,100001,2025-06-22,170.03,209.97,109,9
3ff50003-2fe1-48f8-9f7b-f9966f73cddf,100018,2025-06-22,171.72,205.09,132,25
3ff50003-2fe1-48f8-9f7b-f9966f73cddf,100042,2025-06-18,173.22,269.6,847,82
3ff50003-2fe1-48f8-9f7b-f9966f73cddf,100032,2025-06-18,122.75,135.01,941,7
3ff50003-2fe1-48f8-9f7b-f9966f73cddf,100002,2025-06-18,193.14,248.91,265,30
3ff50003-2fe1-48f8-9f7b-f9966f73cddf,100036,2025-06-18,83.75,90.6,152,8
3ff50003-2fe1-48f8-9f7b-f9966f73cddf,100026,2025-06-07,2.38,2.51,15,1
3ff50003-2fe1-48f8-9f7b-f9966f73cddf,100020,2025-06-22,137.51,177.15,121,8
3ff50003-2fe1-48f8-9f7b-f9966f73cddf,100041,2025-06-20,207.47,267.95,20214,13
3ff50003-2fe1-48f8-9f7b-f9966f73cddf,100015,2025-06-20,46.94,60.22,127,12
3ff50003-2fe1-48f8-9f7b-f9966f73cddf,100014,2025-06-20,145.48,175.06,350,36
3ff50003-2fe1-48f8-9f7b-f9966f73cddf,100021,2025-06-20,86.99,106.34,985,27
3ff50003-2fe1-48f8-9f7b-f9966f73cddf,100036,2025-06-20,209.49,246.46,118,13
3ff50003-2fe1-48f8-9f7b-f9966f73cddf,100073,2025-06-20,11.43,13.9,44,2
3ff50003-2fe1-48f8-9f7b-f9966f73cddf,100033,2025-06-20,74.58,91.83,248,13
3ff50003-2fe1-48f8-9f7b-f9966f73cddf,100022,2025-06-14,14.64,32.16,211,9
3ff50003-2fe1-48f8-9f7b-f9966f73cddf,100064,2025-06-14,10.81,27.41,112,3
3ff50003-2fe1-48f8-9f7b-f9966f73cddf,100047,2025-06-14,3.31,8.07,46,0
3ff50003-2fe1-48f8-9f7b-f9966f73cddf,100021,2025-06-14,11.48,13.51,159,0
3ff50003-2fe1-48f8-9f7b-f9966f73cddf,100022,2025-06-17,19.94,61.07,172,31
3ff50003-2fe1-48f8-9f7b-f9966f73cddf,100076,2025-06-17,6.3,6.36,36,3
3ff50003-2fe1-48f8-9f7b-f9966f73cddf,100039,2025-06-17,24.88,29.27,212,6
3ff50003-2fe1-48f8-9f7b-f9966f73cddf,100073,2025-06-17,5.47,10.81,38,2
3ff50003-2fe1-48f8-9f7b-f9966f73cddf,100007,2025-06-17,22.21,41.62,60,3
3ff50003-2fe1-48f8-9f7b-f9966f73cddf,100018,2025-06-17,32.23,58.84,158,18
3ff50003-2fe1-48f8-9f7b-f9966f73cddf,100011,2025-06-08,2,2.06,11,0
3ff50003-2fe1-48f8-9f7b-f9966f73cddf,100035,2025-06-11,8.63,11.56,102,5
3ff50003-2fe1-48f8-9f7b-f9966f73cddf,100022,2025-06-21,165.69,207.55,207,41
3ff50003-2fe1-48f8-9f7b-f9966f73cddf,100027,2025-06-21,62.56,79.88,74,11
3ff50003-2fe1-48f8-9f7b-f9966f73cddf,100048,2025-06-08,1.05,1.24,6,0
3ff50003-2fe1-48f8-9f7b-f9966f73cddf,100040,2025-06-21,12.53,14.74,124,9
3ff50003-2fe1-48f8-9f7b-f9966f73cddf,100054,2025-06-21,2.16,2.54,18,1
3ff50003-2fe1-48f8-9f7b-f9966f73cddf,100058,2025-06-15,12.4,12.47,82,3
3ff50003-2fe1-48f8-9f7b-f9966f73cddf,100030,2025-06-15,14.53,31.79,179,12
3ff50003-2fe1-48f8-9f7b-f9966f73cddf,100052,2025-06-15,18.8,22.52,247,11
3ff50003-2fe1-48f8-9f7b-f9966f73cddf,100020,2025-06-02,6.54,7.97,67,4
3ff50003-2fe1-48f8-9f7b-f9966f73cddf,100040,2025-06-02,4.8,5.89,57,6
3ff50003-2fe1-48f8-9f7b-f9966f73cddf,100012,2025-06-02,3.55,4.47,20,7
3ff50003-2fe1-48f8-9f7b-f9966f73cddf,100027,2025-06-15,9.99,20.62,115,4
3ff50003-2fe1-48f8-9f7b-f9966f73cddf,100040,2025-06-01,0.7,0.85,14,0
3ff50003-2fe1-48f8-9f7b-f9966f73cddf,100001,2025-07-04,0,0,1,0
3ff50003-2fe1-48f8-9f7b-f9966f73cddf,100052,2025-06-12,22.15,32.52,252,14
3ff50003-2fe1-48f8-9f7b-f9966f73cddf,100019,2025-06-12,10.25,16.28,81,0
3ff50003-2fe1-48f8-9f7b-f9966f73cddf,100048,2025-06-12,26.54,38.96,220,21
3ff50003-2fe1-48f8-9f7b-f9966f73cddf,100040,2025-06-12,13.77,32.64,193,4
3ff50003-2fe1-48f8-9f7b-f9966f73cddf,100028,2025-06-12,11.26,29.21,114,11
3ff50003-2fe1-48f8-9f7b-f9966f73cddf,100015,2025-06-29,218.39,256.94,2286,62
3ff50003-2fe1-48f8-9f7b-f9966f73cddf,100001,2025-06-29,0.95,1.12,17,0
3ff50003-2fe1-48f8-9f7b-f9966f73cddf,100021,2025-07-01,19.25,22.65,204,4
3ff50003-2fe1-48f8-9f7b-f9966f73cddf,100036,2025-07-01,0.35,0.41,1,0
3ff50003-2fe1-48f8-9f7b-f9966f73cddf,100051,2025-06-11,40.58,60.6,214,5
3ff50003-2fe1-48f8-9f7b-f9966f73cddf,100001,2025-06-11,17.3,20.35,94,3
3ff50003-2fe1-48f8-9f7b-f9966f73cddf,100032,2025-06-11,7.26,9.73,59,2
3ff50003-2fe1-48f8-9f7b-f9966f73cddf,100016,2025-06-11,4.47,7.07,39,2
3ff50003-2fe1-48f8-9f7b-f9966f73cddf,100011,2025-06-11,13.1,21.68,92,8
3ff50003-2fe1-48f8-9f7b-f9966f73cddf,100041,2025-06-19,209.44,240.44,1458,26
3ff50003-2fe1-48f8-9f7b-f9966f73cddf,100074,2025-06-19,28.92,30.57,36,2
3ff50003-2fe1-48f8-9f7b-f9966f73cddf,100016,2025-06-23,126.95,151.68,120,15
3ff50003-2fe1-48f8-9f7b-f9966f73cddf,100040,2025-06-23,638.41,751.09,1029,133
3ff50003-2fe1-48f8-9f7b-f9966f73cddf,100002,2025-06-23,71.79,86.43,77,10
3ff50003-2fe1-48f8-9f7b-f9966f73cddf,100074,2025-06-23,95.84,112.76,21,8
3ff50003-2fe1-48f8-9f7b-f9966f73cddf,100064,2025-06-19,72.46,72.5,235,11
3ff50003-2fe1-48f8-9f7b-f9966f73cddf,100043,2025-06-19,90.18,90.26,180,8
3ff50003-2fe1-48f8-9f7b-f9966f73cddf,100036,2025-06-23,337.27,396.8,198,12
3ff50003-2fe1-48f8-9f7b-f9966f73cddf,100015,2025-07-02,1.4,1.65,28,4
3ff50003-2fe1-48f8-9f7b-f9966f73cddf,100043,2025-06-25,1.93,2.27,10,2
3ff50003-2fe1-48f8-9f7b-f9966f73cddf,100054,2025-06-03,1.45,2.31,13,1
3ff50003-2fe1-48f8-9f7b-f9966f73cddf,100037,2025-06-13,19.17,57.21,168,12
3ff50003-2fe1-48f8-9f7b-f9966f73cddf,100002,2025-06-13,22.28,83.06,240,18
3ff50003-2fe1-48f8-9f7b-f9966f73cddf,100034,2025-06-13,15.65,18.41,102,4
3ff50003-2fe1-48f8-9f7b-f9966f73cddf,100041,2025-06-09,66.51,81.16,921,7
3ff50003-2fe1-48f8-9f7b-f9966f73cddf,100042,2025-06-09,37.19,37.63,150,26
3ff50003-2fe1-48f8-9f7b-f9966f73cddf,100043,2025-06-09,7.26,8.12,77,3
3ff50003-2fe1-48f8-9f7b-f9966f73cddf,100054,2025-06-09,4.25,6.7,33,4
3ff50003-2fe1-48f8-9f7b-f9966f73cddf,100024,2025-06-09,2.73,3.04,7,2
3ff50003-2fe1-48f8-9f7b-f9966f73cddf,100015,2025-06-30,156.85,186.15,2321,62
3ff50003-2fe1-48f8-9f7b-f9966f73cddf,100021,2025-06-30,55.55,67.37,331,8
3ff50003-2fe1-48f8-9f7b-f9966f73cddf,100039,2025-06-30,55.55,67.78,476,22
3ff50003-2fe1-48f8-9f7b-f9966f73cddf,100064,2025-06-09,10.32,13.64,64,6
3ff50003-2fe1-48f8-9f7b-f9966f73cddf,100007,2025-06-09,2.15,2.96,19,2
3ff50003-2fe1-48f8-9f7b-f9966f73cddf,100041,2025-06-01,1.2,1.95,21,0
3ff50003-2fe1-48f8-9f7b-f9966f73cddf,100037,2025-06-26,77.45,95.78,327,32
3ff50003-2fe1-48f8-9f7b-f9966f73cddf,100020,2025-06-26,14.45,17,96,7
3ff50003-2fe1-48f8-9f7b-f9966f73cddf,100036,2025-06-26,17.44,20.52,103,4
3ff50003-2fe1-48f8-9f7b-f9966f73cddf,100041,2025-06-26,1.05,1.24,8,0
3ff50003-2fe1-48f8-9f7b-f9966f73cddf,100011,2025-06-26,0.25,0.29,5,0
3ff50003-2fe1-48f8-9f7b-f9966f73cddf,100020,2025-06-10,16.99,20.71,209,16
3ff50003-2fe1-48f8-9f7b-f9966f73cddf,100040,2025-06-10,8.99,11.02,86,13
3ff50003-2fe1-48f8-9f7b-f9966f73cddf,100070,2025-06-10,1,1.47,4,0
3ff50003-2fe1-48f8-9f7b-f9966f73cddf,100039,2025-06-24,74.27,92.01,283,26
3ff50003-2fe1-48f8-9f7b-f9966f73cddf,100054,2025-06-24,3.6,4.24,17,2
3ff50003-2fe1-48f8-9f7b-f9966f73cddf,100034,2025-06-04,10.23,16.22,96,7
3ff50003-2fe1-48f8-9f7b-f9966f73cddf,100051,2025-06-04,15.25,15.54,154,3
3ff50003-2fe1-48f8-9f7b-f9966f73cddf,100052,2025-06-16,32.95,77.59,297,27
3ff50003-2fe1-48f8-9f7b-f9966f73cddf,100055,2025-06-16,23.84,34.32,168,12
3ff50003-2fe1-48f8-9f7b-f9966f73cddf,100008,2025-06-16,26.69,72.03,163,11
3ff50003-2fe1-48f8-9f7b-f9966f73cddf,100039,2025-06-22,294.8,352.62,228,25
3ff50003-2fe1-48f8-9f7b-f9966f73cddf,100036,2025-06-22,98.32,124.37,103,9
3ff50003-2fe1-48f8-9f7b-f9966f73cddf,100027,2025-06-18,22.32,43.8,57,8
3ff50003-2fe1-48f8-9f7b-f9966f73cddf,100020,2025-06-18,132.4,152.26,1298,19
3ff50003-2fe1-48f8-9f7b-f9966f73cddf,100042,2025-06-07,10.75,11.02,68,9
3ff50003-2fe1-48f8-9f7b-f9966f73cddf,100027,2025-06-07,4.6,4.86,24,2
3ff50003-2fe1-48f8-9f7b-f9966f73cddf,100020,2025-06-07,4.55,5.35,30,1
3ff50003-2fe1-48f8-9f7b-f9966f73cddf,100039,2025-06-10,6.98,8.21,54,4
3ff50003-2fe1-48f8-9f7b-f9966f73cddf,100021,2025-06-16,22.43,36.44,243,6
3ff50003-2fe1-48f8-9f7b-f9966f73cddf,100051,2025-06-22,242.75,296.36,1843,29
3ff50003-2fe1-48f8-9f7b-f9966f73cddf,100003,2025-06-07,17.4,25.43,92,3
3ff50003-2fe1-48f8-9f7b-f9966f73cddf,100019,2025-06-20,95.8,123.65,110,15
3ff50003-2fe1-48f8-9f7b-f9966f73cddf,100011,2025-06-20,286.41,348.46,340,39
3ff50003-2fe1-48f8-9f7b-f9966f73cddf,100037,2025-06-20,83.86,101,251,32
3ff50003-2fe1-48f8-9f7b-f9966f73cddf,100055,2025-06-20,87.8,109.57,205,15
3ff50003-2fe1-48f8-9f7b-f9966f73cddf,100048,2025-06-20,85.08,104.18,165,19
3ff50003-2fe1-48f8-9f7b-f9966f73cddf,100032,2025-06-20,17.49,21.73,101,11
3ff50003-2fe1-48f8-9f7b-f9966f73cddf,100007,2025-06-20,42.98,53.81,56,5
3ff50003-2fe1-48f8-9f7b-f9966f73cddf,100054,2025-06-20,3.35,3.94,35,2
3ff50003-2fe1-48f8-9f7b-f9966f73cddf,100026,2025-06-14,7.14,13.32,111,6
3ff50003-2fe1-48f8-9f7b-f9966f73cddf,100003,2025-06-14,16.69,29.62,198,5
3ff50003-2fe1-48f8-9f7b-f9966f73cddf,100018,2025-06-14,8.25,20.11,71,10
3ff50003-2fe1-48f8-9f7b-f9966f73cddf,100058,2025-06-14,8.94,10.51,68,2
3ff50003-2fe1-48f8-9f7b-f9966f73cddf,100030,2025-06-14,15.14,28.79,222,15
3ff50003-2fe1-48f8-9f7b-f9966f73cddf,100032,2025-06-14,17.84,20.99,273,2
3ff50003-2fe1-48f8-9f7b-f9966f73cddf,100048,2025-06-17,16.69,26.12,111,9
3ff50003-2fe1-48f8-9f7b-f9966f73cddf,100019,2025-06-17,47.92,48.34,75,1
3ff50003-2fe1-48f8-9f7b-f9966f73cddf,100008,2025-06-17,18.06,53.95,113,2
3ff50003-2fe1-48f8-9f7b-f9966f73cddf,100024,2025-06-11,4.21,7.93,63,7
3ff50003-2fe1-48f8-9f7b-f9966f73cddf,100043,2025-06-21,133.13,162.45,195,15
3ff50003-2fe1-48f8-9f7b-f9966f73cddf,100003,2025-06-21,118.77,151.39,175,17
3ff50003-2fe1-48f8-9f7b-f9966f73cddf,100016,2025-06-21,71.32,87.87,94,11
3ff50003-2fe1-48f8-9f7b-f9966f73cddf,100011,2025-06-21,154.8,193.11,215,22
3ff50003-2fe1-48f8-9f7b-f9966f73cddf,100026,2025-06-21,73.67,92.95,116,21
3ff50003-2fe1-48f8-9f7b-f9966f73cddf,100042,2025-06-08,13.65,13.94,76,2
3ff50003-2fe1-48f8-9f7b-f9966f73cddf,100054,2025-06-17,5.27,5.32,33,2
3ff50003-2fe1-48f8-9f7b-f9966f73cddf,100035,2025-06-15,10.5,10.56,91,4
3ff50003-2fe1-48f8-9f7b-f9966f73cddf,100011,2025-06-15,25.74,26.73,221,2
3ff50003-2fe1-48f8-9f7b-f9966f73cddf,100003,2025-06-02,12.85,15.5,94,8
3ff50003-2fe1-48f8-9f7b-f9966f73cddf,100041,2025-06-06,39.43,51.84,671,11
3ff50003-2fe1-48f8-9f7b-f9966f73cddf,100036,2025-06-06,9.15,10.76,55,1
3ff50003-2fe1-48f8-9f7b-f9966f73cddf,100027,2025-06-06,11.94,13.44,63,8
3ff50003-2fe1-48f8-9f7b-f9966f73cddf,100042,2025-06-15,19.9,46.37,187,15
3ff50003-2fe1-48f8-9f7b-f9966f73cddf,100001,2025-06-15,18.24,21.56,101,5
3ff50003-2fe1-48f8-9f7b-f9966f73cddf,100048,2025-06-15,13.4,16.04,193,5
3ff50003-2fe1-48f8-9f7b-f9966f73cddf,100003,2025-06-01,1.15,1.83,17,3
3ff50003-2fe1-48f8-9f7b-f9966f73cddf,100042,2025-06-01,0.36,0.37,7,0
3ff50003-2fe1-48f8-9f7b-f9966f73cddf,100019,2025-06-01,1.08,1.71,21,1
3ff50003-2fe1-48f8-9f7b-f9966f73cddf,100001,2025-06-27,253.33,304.36,361,30
3ff50003-2fe1-48f8-9f7b-f9966f73cddf,100007,2025-06-27,0,0,0,1
3ff50003-2fe1-48f8-9f7b-f9966f73cddf,100042,2025-06-12,22.49,36.02,327,37
3ff50003-2fe1-48f8-9f7b-f9966f73cddf,100015,2025-06-12,10.82,12.73,105,0
3ff50003-2fe1-48f8-9f7b-f9966f73cddf,100003,2025-06-12,24.83,39.79,301,19
3ff50003-2fe1-48f8-9f7b-f9966f73cddf,100026,2025-06-12,10.08,23.87,117,8
3ff50003-2fe1-48f8-9f7b-f9966f73cddf,100004,2025-06-12,19.8,34.52,171,7
3ff50003-2fe1-48f8-9f7b-f9966f73cddf,100043,2025-06-12,16.35,28.49,143,11
3ff50003-2fe1-48f8-9f7b-f9966f73cddf,100047,2025-06-12,7.7,15.43,63,1
3ff50003-2fe1-48f8-9f7b-f9966f73cddf,100039,2025-06-29,24.7,29.06,266,7
3ff50003-2fe1-48f8-9f7b-f9966f73cddf,100036,2025-06-29,0.65,0.76,4,0
3ff50003-2fe1-48f8-9f7b-f9966f73cddf,100040,2025-06-11,13.1,21.36,34,1
3ff50003-2fe1-48f8-9f7b-f9966f73cddf,100033,2025-06-19,128.76,150.63,244,19
3ff50003-2fe1-48f8-9f7b-f9966f73cddf,100026,2025-06-19,126.54,128.47,60,32
3ff50003-2fe1-48f8-9f7b-f9966f73cddf,100007,2025-06-19,58.76,66.57,56,7
3ff50003-2fe1-48f8-9f7b-f9966f73cddf,100039,2025-06-19,49.15,49.17,153,3
3ff50003-2fe1-48f8-9f7b-f9966f73cddf,100027,2025-06-19,25.98,27.3,47,10
3ff50003-2fe1-48f8-9f7b-f9966f73cddf,100016,2025-06-19,56.43,64.24,75,3
3ff50003-2fe1-48f8-9f7b-f9966f73cddf,100003,2025-06-23,315.14,381.19,362,43
3ff50003-2fe1-48f8-9f7b-f9966f73cddf,100058,2025-06-23,262.28,312.36,463,32
3ff50003-2fe1-48f8-9f7b-f9966f73cddf,100035,2025-06-23,47.4,59.21,183,13
3ff50003-2fe1-48f8-9f7b-f9966f73cddf,100039,2025-06-23,270,321.31,438,25
3ff50003-2fe1-48f8-9f7b-f9966f73cddf,100027,2025-06-23,51.76,67.04,29,17
3ff50003-2fe1-48f8-9f7b-f9966f73cddf,100028,2025-06-28,19.24,45.28,36,8
3ff50003-2fe1-48f8-9f7b-f9966f73cddf,100054,2025-06-12,14.98,23.72,65,7
3ff50003-2fe1-48f8-9f7b-f9966f73cddf,100024,2025-06-19,48.11,48.13,144,11
3ff50003-2fe1-48f8-9f7b-f9966f73cddf,100012,2025-06-19,120.78,134.4,151,25
3ff50003-2fe1-48f8-9f7b-f9966f73cddf,100015,2025-06-23,250.31,298.14,2115,69
3ff50003-2fe1-48f8-9f7b-f9966f73cddf,100014,2025-06-23,365.27,432.91,545,54
3ff50003-2fe1-48f8-9f7b-f9966f73cddf,100055,2025-06-23,199.18,240.5,276,14
3ff50003-2fe1-48f8-9f7b-f9966f73cddf,100026,2025-06-23,64.74,80.86,56,18
3ff50003-2fe1-48f8-9f7b-f9966f73cddf,100076,2025-06-23,48.63,57.58,14,2
3ff50003-2fe1-48f8-9f7b-f9966f73cddf,100015,2025-06-28,347.18,414.6,2000,69
3ff50003-2fe1-48f8-9f7b-f9966f73cddf,100014,2025-06-28,27.59,66.42,0,12
3ff50003-2fe1-48f8-9f7b-f9966f73cddf,100015,2025-06-25,120.66,145.6,1807,53
3ff50003-2fe1-48f8-9f7b-f9966f73cddf,100033,2025-06-25,50.94,62.52,248,9
3ff50003-2fe1-48f8-9f7b-f9966f73cddf,100028,2025-06-25,34.2,42.94,155,23
3ff50003-2fe1-48f8-9f7b-f9966f73cddf,100064,2025-06-25,40.87,51.09,210,26
3ff50003-2fe1-48f8-9f7b-f9966f73cddf,100052,2025-06-25,55.73,70.1,195,20
3ff50003-2fe1-48f8-9f7b-f9966f73cddf,100022,2025-06-25,0,0,2,0
3ff50003-2fe1-48f8-9f7b-f9966f73cddf,100048,2025-06-25,37.11,46.89,132,16
3ff50003-2fe1-48f8-9f7b-f9966f73cddf,100019,2025-06-03,12.39,19.65,91,2
3ff50003-2fe1-48f8-9f7b-f9966f73cddf,100004,2025-06-13,16.7,23.7,162,4
3ff50003-2fe1-48f8-9f7b-f9966f73cddf,100019,2025-06-13,6.51,7.66,74,0
3ff50003-2fe1-48f8-9f7b-f9966f73cddf,100051,2025-06-13,24.16,34.17,164,7
3ff50003-2fe1-48f8-9f7b-f9966f73cddf,100042,2025-06-13,18.2,51.81,118,22
3ff50003-2fe1-48f8-9f7b-f9966f73cddf,100037,2025-06-09,14.85,19.62,93,9
3ff50003-2fe1-48f8-9f7b-f9966f73cddf,100020,2025-06-09,24.96,30.42,151,7
3ff50003-2fe1-48f8-9f7b-f9966f73cddf,100039,2025-06-09,9.23,10.53,105,5
3ff50003-2fe1-48f8-9f7b-f9966f73cddf,100036,2025-06-09,25.38,30.88,132,11
3ff50003-2fe1-48f8-9f7b-f9966f73cddf,100034,2025-06-09,34.18,54.16,125,10
3ff50003-2fe1-48f8-9f7b-f9966f73cddf,100020,2025-06-03,9.58,11.66,83,6
3ff50003-2fe1-48f8-9f7b-f9966f73cddf,100030,2025-06-13,18.4,68.55,202,28
3ff50003-2fe1-48f8-9f7b-f9966f73cddf,100003,2025-06-13,21.26,38.67,158,13
3ff50003-2fe1-48f8-9f7b-f9966f73cddf,100016,2025-06-09,2.32,3.2,22,4
3ff50003-2fe1-48f8-9f7b-f9966f73cddf,100054,2025-06-01,2.05,3.24,36,1
3ff50003-2fe1-48f8-9f7b-f9966f73cddf,100001,2025-06-26,78.6,99.99,185,32
3ff50003-2fe1-48f8-9f7b-f9966f73cddf,100035,2025-06-26,0.71,0.84,3,1
3ff50003-2fe1-48f8-9f7b-f9966f73cddf,100051,2025-06-10,35.13,35.82,307,18
3ff50003-2fe1-48f8-9f7b-f9966f73cddf,100027,2025-06-10,15.79,19.29,84,12
3ff50003-2fe1-48f8-9f7b-f9966f73cddf,100022,2025-06-10,17.53,21.54,157,36
3ff50003-2fe1-48f8-9f7b-f9966f73cddf,100041,2025-06-10,37.47,60,668,17
3ff50003-2fe1-48f8-9f7b-f9966f73cddf,100036,2025-06-19,222.37,222.43,107,16
3ff50003-2fe1-48f8-9f7b-f9966f73cddf,100014,2025-06-24,53.48,65.29,257,30
3ff50003-2fe1-48f8-9f7b-f9966f73cddf,100076,2025-06-24,4.9,6.07,14,4
3ff50003-2fe1-48f8-9f7b-f9966f73cddf,100002,2025-06-24,26.69,34.33,23,9
3ff50003-2fe1-48f8-9f7b-f9966f73cddf,100042,2025-06-04,20.59,21.26,132,16
3ff50003-2fe1-48f8-9f7b-f9966f73cddf,100039,2025-06-16,18.16,29.52,209,10
3ff50003-2fe1-48f8-9f7b-f9966f73cddf,100027,2025-06-16,13.45,32.42,94,6
3ff50003-2fe1-48f8-9f7b-f9966f73cddf,100016,2025-06-16,7.25,27.68,82,7
3ff50003-2fe1-48f8-9f7b-f9966f73cddf,100040,2025-06-16,15.59,37.59,107,6
3ff50003-2fe1-48f8-9f7b-f9966f73cddf,100028,2025-06-16,11.34,25.51,71,4
3ff50003-2fe1-48f8-9f7b-f9966f73cddf,100064,2025-06-16,18.79,42.25,131,5
3ff50003-2fe1-48f8-9f7b-f9966f73cddf,100037,2025-06-18,41.98,59.27,259,14
3ff50003-2fe1-48f8-9f7b-f9966f73cddf,100054,2025-06-18,72.96,85.84,32,1
3ff50003-2fe1-48f8-9f7b-f9966f73cddf,100048,2025-06-18,45.33,50.55,119,15
3ff50003-2fe1-48f8-9f7b-f9966f73cddf,100011,2025-06-22,167.26,210,265,28
3ff50003-2fe1-48f8-9f7b-f9966f73cddf,100021,2025-06-18,56.7,62.74,318,5
3ff50003-2fe1-48f8-9f7b-f9966f73cddf,100040,2025-06-18,9.09,25.71,75,10
3ff50003-2fe1-48f8-9f7b-f9966f73cddf,100012,2025-06-18,52.22,140.71,165,15
3ff50003-2fe1-48f8-9f7b-f9966f73cddf,100054,2025-06-07,2.35,2.76,12,0
3ff50003-2fe1-48f8-9f7b-f9966f73cddf,100040,2025-06-07,1.65,1.74,15,0
3ff50003-2fe1-48f8-9f7b-f9966f73cddf,100051,2025-06-24,128.41,164.43,246,23
3ff50003-2fe1-48f8-9f7b-f9966f73cddf,100047,2025-06-18,55.48,60.94,94,9
3ff50003-2fe1-48f8-9f7b-f9966f73cddf,100028,2025-06-22,40.5,49.69,165,15
3ff50003-2fe1-48f8-9f7b-f9966f73cddf,100022,2025-06-18,136.19,208.42,188,43
3ff50003-2fe1-48f8-9f7b-f9966f73cddf,100015,2025-06-18,100.88,110.75,293,6
3ff50003-2fe1-48f8-9f7b-f9966f73cddf,100022,2025-06-07,2.06,2.17,15,1
3ff50003-2fe1-48f8-9f7b-f9966f73cddf,100002,2025-06-22,16.41,21.3,32,7
3ff50003-2fe1-48f8-9f7b-f9966f73cddf,100024,2025-06-22,21.55,28.01,40,8
3ff50003-2fe1-48f8-9f7b-f9966f73cddf,100027,2025-06-20,66.59,84.02,111,17
3ff50003-2fe1-48f8-9f7b-f9966f73cddf,100034,2025-06-20,103.11,133.27,155,29
3ff50003-2fe1-48f8-9f7b-f9966f73cddf,100052,2025-06-20,171.37,206.39,304,22
3ff50003-2fe1-48f8-9f7b-f9966f73cddf,100035,2025-06-20,30.16,37.41,150,10
3ff50003-2fe1-48f8-9f7b-f9966f73cddf,100001,2025-06-14,25.02,29.44,146,4
3ff50003-2fe1-48f8-9f7b-f9966f73cddf,100041,2025-06-14,66.66,81.96,1313,31
3ff50003-2fe1-48f8-9f7b-f9966f73cddf,100027,2025-06-14,8.93,16.63,122,3
3ff50003-2fe1-48f8-9f7b-f9966f73cddf,100024,2025-06-14,10.13,19.27,166,7
3ff50003-2fe1-48f8-9f7b-f9966f73cddf,100041,2025-06-08,32.5,45.11,530,13
3ff50003-2fe1-48f8-9f7b-f9966f73cddf,100070,2025-06-08,2.41,2.84,15,0
3ff50003-2fe1-48f8-9f7b-f9966f73cddf,100020,2025-06-08,5.98,7.04,46,0
3ff50003-2fe1-48f8-9f7b-f9966f73cddf,100040,2025-06-17,4.3,13.18,32,1
3ff50003-2fe1-48f8-9f7b-f9966f73cddf,100032,2025-06-17,54.81,64.48,346,9
3ff50003-2fe1-48f8-9f7b-f9966f73cddf,100011,2025-06-14,23.68,29.15,279,8
3ff50003-2fe1-48f8-9f7b-f9966f73cddf,100041,2025-06-21,114.41,149.08,3320,13
3ff50003-2fe1-48f8-9f7b-f9966f73cddf,100035,2025-06-21,62.87,73.97,95,4
3ff50003-2fe1-48f8-9f7b-f9966f73cddf,100039,2025-06-21,257.59,307.71,200,18
3ff50003-2fe1-48f8-9f7b-f9966f73cddf,100028,2025-06-21,47.63,57.68,134,21
3ff50003-2fe1-48f8-9f7b-f9966f73cddf,100074,2025-06-21,6.12,7.94,5,1
3ff50003-2fe1-48f8-9f7b-f9966f73cddf,100002,2025-06-15,17.62,38.51,180,9
3ff50003-2fe1-48f8-9f7b-f9966f73cddf,100032,2025-06-15,17.37,17.47,248,2
3ff50003-2fe1-48f8-9f7b-f9966f73cddf,100016,2025-06-15,2.48,8.53,45,2
3ff50003-2fe1-48f8-9f7b-f9966f73cddf,100027,2025-06-02,4.25,5.19,34,2
3ff50003-2fe1-48f8-9f7b-f9966f73cddf,100051,2025-06-02,12.15,12.23,104,3
3ff50003-2fe1-48f8-9f7b-f9966f73cddf,100040,2025-06-06,4,4.51,30,2
3ff50003-2fe1-48f8-9f7b-f9966f73cddf,100051,2025-06-06,13.2,13.34,104,3
3ff50003-2fe1-48f8-9f7b-f9966f73cddf,100019,2025-06-06,7.05,8.29,55,0
3ff50003-2fe1-48f8-9f7b-f9966f73cddf,100003,2025-06-05,24.48,39.19,149,15
3ff50003-2fe1-48f8-9f7b-f9966f73cddf,100042,2025-06-05,27.71,28.64,159,27
3ff50003-2fe1-48f8-9f7b-f9966f73cddf,100020,2025-06-05,10.09,12.29,92,10
3ff50003-2fe1-48f8-9f7b-f9966f73cddf,100051,2025-06-05,20.1,20.49,162,7
3ff50003-2fe1-48f8-9f7b-f9966f73cddf,100019,2025-06-05,17.63,27.92,115,2
3ff50003-2fe1-48f8-9f7b-f9966f73cddf,100036,2025-06-15,18.91,22.25,157,3
3ff50003-2fe1-48f8-9f7b-f9966f73cddf,100026,2025-06-15,8.17,16.86,109,5
3ff50003-2fe1-48f8-9f7b-f9966f73cddf,100020,2025-06-15,19.08,22.45,190,4
3ff50003-2fe1-48f8-9f7b-f9966f73cddf,100018,2025-06-15,4,13.65,55,7
3ff50003-2fe1-48f8-9f7b-f9966f73cddf,100012,2025-06-01,0.4,0.5,2,0
3ff50003-2fe1-48f8-9f7b-f9966f73cddf,100036,2025-06-01,0.85,1,8,0
3ff50003-2fe1-48f8-9f7b-f9966f73cddf,100021,2025-06-27,118.27,144.35,442,22
3ff50003-2fe1-48f8-9f7b-f9966f73cddf,100055,2025-06-27,749.19,887.44,584,39
3ff50003-2fe1-48f8-9f7b-f9966f73cddf,100014,2025-06-27,48.74,63.09,122,14
3ff50003-2fe1-48f8-9f7b-f9966f73cddf,100041,2025-06-12,40.35,64.6,764,10
3ff50003-2fe1-48f8-9f7b-f9966f73cddf,100037,2025-06-12,16.38,42.56,173,9
3ff50003-2fe1-48f8-9f7b-f9966f73cddf,100055,2025-06-12,18.4,24.34,161,7
3ff50003-2fe1-48f8-9f7b-f9966f73cddf,100015,2025-07-01,16.65,19.59,242,6
3ff50003-2fe1-48f8-9f7b-f9966f73cddf,100021,2025-06-11,16.44,19.34,134,2
3ff50003-2fe1-48f8-9f7b-f9966f73cddf,100030,2025-06-19,51.46,51.48,184,16
3ff50003-2fe1-48f8-9f7b-f9966f73cddf,100021,2025-06-23,111.44,135.98,298,19
3ff50003-2fe1-48f8-9f7b-f9966f73cddf,100064,2025-06-23,131.62,156.97,325,29
3ff50003-2fe1-48f8-9f7b-f9966f73cddf,100008,2025-06-23,40.03,49.84,55,8
3ff50003-2fe1-48f8-9f7b-f9966f73cddf,100048,2025-06-27,0.8,0.94,2,1
3ff50003-2fe1-48f8-9f7b-f9966f73cddf,100037,2025-06-23,100.24,120.05,343,30
3ff50003-2fe1-48f8-9f7b-f9966f73cddf,100007,2025-06-25,22.2,28.67,50,13
3ff50003-2fe1-48f8-9f7b-f9966f73cddf,100020,2025-06-25,10.47,12.32,68,3
3ff50003-2fe1-48f8-9f7b-f9966f73cddf,100014,2025-06-25,37.05,45.99,183,18
3ff50003-2fe1-48f8-9f7b-f9966f73cddf,100054,2025-06-25,0.35,0.41,2,0
3ff50003-2fe1-48f8-9f7b-f9966f73cddf,100073,2025-06-25,6.7,8.18,28,3
3ff50003-2fe1-48f8-9f7b-f9966f73cddf,100076,2025-06-25,0,0,0,1
3ff50003-2fe1-48f8-9f7b-f9966f73cddf,100036,2025-06-03,5.52,6.71,50,2
3ff50003-2fe1-48f8-9f7b-f9966f73cddf,100014,2025-06-13,22.98,68.6,250,33
3ff50003-2fe1-48f8-9f7b-f9966f73cddf,100043,2025-06-13,21.15,30.03,197,11
3ff50003-2fe1-48f8-9f7b-f9966f73cddf,100032,2025-06-13,16.52,35.7,95,3
3ff50003-2fe1-48f8-9f7b-f9966f73cddf,100054,2025-06-13,13.51,15.89,47,2
3ff50003-2fe1-48f8-9f7b-f9966f73cddf,100018,2025-06-13,14.84,41.43,102,17
3ff50003-2fe1-48f8-9f7b-f9966f73cddf,100047,2025-06-13,4.89,13.67,59,2
3ff50003-2fe1-48f8-9f7b-f9966f73cddf,100007,2025-06-13,2.75,7.68,32,2
3ff50003-2fe1-48f8-9f7b-f9966f73cddf,100018,2025-06-09,1.79,2.47,15,5
3ff50003-2fe1-48f8-9f7b-f9966f73cddf,100070,2025-06-09,11.45,16.95,68,5
3ff50003-2fe1-48f8-9f7b-f9966f73cddf,100008,2025-06-09,3.05,3.4,16,3
3ff50003-2fe1-48f8-9f7b-f9966f73cddf,100002,2025-06-09,4.73,5.26,29,3
3ff50003-2fe1-48f8-9f7b-f9966f73cddf,100021,2025-06-09,4.7,5.53,46,1
3ff50003-2fe1-48f8-9f7b-f9966f73cddf,100036,2025-06-30,20.25,26.63,0,5
3ff50003-2fe1-48f8-9f7b-f9966f73cddf,100048,2025-06-13,16.3,19.35,109,10
3ff50003-2fe1-48f8-9f7b-f9966f73cddf,100038,2025-06-09,12.45,13.92,89,5
3ff50003-2fe1-48f8-9f7b-f9966f73cddf,100020,2025-06-30,7.55,11.08,0,5
3ff50003-2fe1-48f8-9f7b-f9966f73cddf,100001,2025-06-30,18.75,22.06,0,5
3ff50003-2fe1-48f8-9f7b-f9966f73cddf,100039,2025-06-26,103.9,130.39,346,39
3ff50003-2fe1-48f8-9f7b-f9966f73cddf,100028,2025-06-10,11.56,12.61,23,3
3ff50003-2fe1-48f8-9f7b-f9966f73cddf,100035,2025-06-10,6.25,7.36,55,2
3ff50003-2fe1-48f8-9f7b-f9966f73cddf,100015,2025-06-19,217.25,217.34,140,9
3ff50003-2fe1-48f8-9f7b-f9966f73cddf,100020,2025-06-24,264.38,311.04,145,5
3ff50003-2fe1-48f8-9f7b-f9966f73cddf,100001,2025-06-24,88.19,108.76,115,14
3ff50003-2fe1-48f8-9f7b-f9966f73cddf,100043,2025-06-24,60.11,77.39,46,21
3ff50003-2fe1-48f8-9f7b-f9966f73cddf,100034,2025-06-24,83.75,107.62,81,40
3ff50003-2fe1-48f8-9f7b-f9966f73cddf,100042,2025-06-24,104.85,135.54,57,35
3ff50003-2fe1-48f8-9f7b-f9966f73cddf,100032,2025-06-24,45.52,55.76,153,17
3ff50003-2fe1-48f8-9f7b-f9966f73cddf,100035,2025-06-24,186.13,222.59,175,23
3ff50003-2fe1-48f8-9f7b-f9966f73cddf,100012,2025-06-24,94.98,123.74,13,2
3ff50003-2fe1-48f8-9f7b-f9966f73cddf,100047,2025-06-24,23.92,30.65,52,11
3ff50003-2fe1-48f8-9f7b-f9966f73cddf,100074,2025-06-24,5.3,6.85,7,3
3ff50003-2fe1-48f8-9f7b-f9966f73cddf,100007,2025-06-24,22.23,28.66,18,10
3ff50003-2fe1-48f8-9f7b-f9966f73cddf,100020,2025-06-04,12.75,17.74,107,4
3ff50003-2fe1-48f8-9f7b-f9966f73cddf,100036,2025-06-04,8.8,12.23,73,2
3ff50003-2fe1-48f8-9f7b-f9966f73cddf,100015,2025-06-16,21.71,35.25,184,7
3ff50003-2fe1-48f8-9f7b-f9966f73cddf,100035,2025-06-16,18.81,25.25,158,7
3ff50003-2fe1-48f8-9f7b-f9966f73cddf,100007,2025-06-16,3.63,13.83,49,2
3ff50003-2fe1-48f8-9f7b-f9966f73cddf,100003,2025-06-16,26.38,44.64,249,17
3ff50003-2fe1-48f8-9f7b-f9966f73cddf,100002,2025-06-16,24.25,65.43,176,21
3ff50003-2fe1-48f8-9f7b-f9966f73cddf,100001,2025-06-18,104.18,105.44,122,9
3ff50003-2fe1-48f8-9f7b-f9966f73cddf,100033,2025-06-18,71.59,84.88,271,7
3ff50003-2fe1-48f8-9f7b-f9966f73cddf,100021,2025-06-22,109.65,134.79,197,19
3ff50003-2fe1-48f8-9f7b-f9966f73cddf,100003,2025-06-22,216.32,265.27,300,33
3ff50003-2fe1-48f8-9f7b-f9966f73cddf,100058,2025-06-22,228.29,277.78,357,35
3ff50003-2fe1-48f8-9f7b-f9966f73cddf,100035,2025-06-22,82.98,99.09,187,11
3ff50003-2fe1-48f8-9f7b-f9966f73cddf,100014,2025-06-22,73.78,91.47,266,24
3ff50003-2fe1-48f8-9f7b-f9966f73cddf,100039,2025-06-18,77.01,82.66,314,4
3ff50003-2fe1-48f8-9f7b-f9966f73cddf,100034,2025-06-18,227.6,244.1,89,26
3ff50003-2fe1-48f8-9f7b-f9966f73cddf,100076,2025-06-18,41.36,46.29,30,3
3ff50003-2fe1-48f8-9f7b-f9966f73cddf,100041,2025-06-07,26.15,38.28,475,6
3ff50003-2fe1-48f8-9f7b-f9966f73cddf,100033,2025-06-24,103.15,124.02,384,15
3ff50003-2fe1-48f8-9f7b-f9966f73cddf,100018,2025-06-16,4.41,16.81,74,6
3ff50003-2fe1-48f8-9f7b-f9966f73cddf,100041,2025-06-18,178.18,278.52,1655,28
3ff50003-2fe1-48f8-9f7b-f9966f73cddf,100032,2025-06-22,52.15,62.09,130,10
3ff50003-2fe1-48f8-9f7b-f9966f73cddf,100004,2025-06-22,118.96,145.87,183,14
3ff50003-2fe1-48f8-9f7b-f9966f73cddf,100026,2025-06-20,65.34,82.15,119,21
3ff50003-2fe1-48f8-9f7b-f9966f73cddf,100076,2025-06-20,6.58,8.23,28,3
3ff50003-2fe1-48f8-9f7b-f9966f73cddf,100039,2025-06-20,145.67,176.87,178,13
3ff50003-2fe1-48f8-9f7b-f9966f73cddf,100016,2025-06-20,25.89,33.05,66,4
3ff50003-2fe1-48f8-9f7b-f9966f73cddf,100036,2025-06-14,19.44,22.87,264,3
3ff50003-2fe1-48f8-9f7b-f9966f73cddf,100073,2025-06-14,1.63,2.88,20,0
3ff50003-2fe1-48f8-9f7b-f9966f73cddf,100048,2025-06-14,9.35,9.8,143,3
3ff50003-2fe1-48f8-9f7b-f9966f73cddf,100039,2025-06-14,11.75,13.82,192,3
3ff50003-2fe1-48f8-9f7b-f9966f73cddf,100019,2025-06-14,2.55,3.34,42,2
3ff50003-2fe1-48f8-9f7b-f9966f73cddf,100001,2025-06-08,0.2,0.24,4,0
3ff50003-2fe1-48f8-9f7b-f9966f73cddf,100015,2025-06-08,0.33,0.39,3,0
3ff50003-2fe1-48f8-9f7b-f9966f73cddf,100055,2025-06-08,0.33,0.39,3,0
3ff50003-2fe1-48f8-9f7b-f9966f73cddf,100037,2025-06-08,1.92,2.19,13,1
3ff50003-2fe1-48f8-9f7b-f9966f73cddf,100028,2025-06-17,38.62,108.51,201,19
3ff50003-2fe1-48f8-9f7b-f9966f73cddf,100011,2025-06-17,90.94,106.99,543,16
3ff50003-2fe1-48f8-9f7b-f9966f73cddf,100058,2025-06-17,26.87,31.62,161,5
3ff50003-2fe1-48f8-9f7b-f9966f73cddf,100027,2025-06-17,8.67,26.52,51,6
3ff50003-2fe1-48f8-9f7b-f9966f73cddf,100015,2025-06-17,56.31,66.25,203,10
3ff50003-2fe1-48f8-9f7b-f9966f73cddf,100054,2025-06-11,4.3,5.39,22,2
3ff50003-2fe1-48f8-9f7b-f9966f73cddf,100012,2025-06-21,119.35,151.56,124,20
3ff50003-2fe1-48f8-9f7b-f9966f73cddf,100020,2025-06-21,281.46,340.33,118,11
3ff50003-2fe1-48f8-9f7b-f9966f73cddf,100051,2025-06-21,261.01,318.81,1565,46
3ff50003-2fe1-48f8-9f7b-f9966f73cddf,100026,2025-06-08,1.9,2.12,15,1
3ff50003-2fe1-48f8-9f7b-f9966f73cddf,100038,2025-06-08,0.5,0.52,10,0
3ff50003-2fe1-48f8-9f7b-f9966f73cddf,100028,2025-06-08,0.1,0.11,2,0
3ff50003-2fe1-48f8-9f7b-f9966f73cddf,100007,2025-06-08,0.35,0.37,3,0
3ff50003-2fe1-48f8-9f7b-f9966f73cddf,100018,2025-06-08,0.45,0.48,5,0
3ff50003-2fe1-48f8-9f7b-f9966f73cddf,100073,2025-06-15,1.43,2.28,14,1
3ff50003-2fe1-48f8-9f7b-f9966f73cddf,100012,2025-06-15,18.2,26.12,283,11
3ff50003-2fe1-48f8-9f7b-f9966f73cddf,100041,2025-06-15,90.71,106.58,1715,25
3ff50003-2fe1-48f8-9f7b-f9966f73cddf,100054,2025-06-02,2.47,3.94,33,1
3ff50003-2fe1-48f8-9f7b-f9966f73cddf,100042,2025-06-02,15.25,15.42,103,7
3ff50003-2fe1-48f8-9f7b-f9966f73cddf,100047,2025-06-20,79.93,96.63,73,7
3ff50003-2fe1-48f8-9f7b-f9966f73cddf,100026,2025-06-02,3.25,3.97,22,3
3ff50003-2fe1-48f8-9f7b-f9966f73cddf,100003,2025-06-06,19.67,25.86,115,8
3ff50003-2fe1-48f8-9f7b-f9966f73cddf,100034,2025-06-06,13.9,16.35,87,4
3ff50003-2fe1-48f8-9f7b-f9966f73cddf,100041,2025-06-05,48.7,78.03,848,10
3ff50003-2fe1-48f8-9f7b-f9966f73cddf,100027,2025-06-05,12.12,14.81,71,10
3ff50003-2fe1-48f8-9f7b-f9966f73cddf,100026,2025-06-05,11.2,13.69,59,9
3ff50003-2fe1-48f8-9f7b-f9966f73cddf,100055,2025-06-15,12.22,14.42,98,3
3ff50003-2fe1-48f8-9f7b-f9966f73cddf,100047,2025-06-15,5.02,17.14,54,4
3ff50003-2fe1-48f8-9f7b-f9966f73cddf,100022,2025-06-01,0.8,0.99,7,2
3ff50003-2fe1-48f8-9f7b-f9966f73cddf,100037,2025-07-03,0,0,0,1
3ff50003-2fe1-48f8-9f7b-f9966f73cddf,100027,2025-06-01,0.25,0.31,2,1
3ff50003-2fe1-48f8-9f7b-f9966f73cddf,100015,2025-06-27,303.05,362.22,2341,77
3ff50003-2fe1-48f8-9f7b-f9966f73cddf,100036,2025-06-27,360.87,425.56,164,13
3ff50003-2fe1-48f8-9f7b-f9966f73cddf,100030,2025-06-27,0.3,0.35,2,0
3ff50003-2fe1-48f8-9f7b-f9966f73cddf,100003,2025-06-27,0,0,0,1
3ff50003-2fe1-48f8-9f7b-f9966f73cddf,100021,2025-06-12,22.08,25.97,176,2
3ff50003-2fe1-48f8-9f7b-f9966f73cddf,100039,2025-06-12,13.2,15.53,116,9
3ff50003-2fe1-48f8-9f7b-f9966f73cddf,100035,2025-06-12,10.83,14.52,121,7
3ff50003-2fe1-48f8-9f7b-f9966f73cddf,100027,2025-06-12,12.82,30.33,142,11
3ff50003-2fe1-48f8-9f7b-f9966f73cddf,100016,2025-06-12,11.53,23.1,76,6
3ff50003-2fe1-48f8-9f7b-f9966f73cddf,100020,2025-06-29,1.2,1.41,7,0
3ff50003-2fe1-48f8-9f7b-f9966f73cddf,100001,2025-07-01,2.7,3.18,14,1
3ff50003-2fe1-48f8-9f7b-f9966f73cddf,100064,2025-06-11,9.97,25.88,91,8
3ff50003-2fe1-48f8-9f7b-f9966f73cddf,100007,2025-06-11,6.18,9.79,46,3
3ff50003-2fe1-48f8-9f7b-f9966f73cddf,100041,2025-06-11,57.73,86.25,880,14
3ff50003-2fe1-48f8-9f7b-f9966f73cddf,100055,2025-06-19,40.29,40.3,149,2
3ff50003-2fe1-48f8-9f7b-f9966f73cddf,100048,2025-06-19,26.19,28.03,116,11
3ff50003-2fe1-48f8-9f7b-f9966f73cddf,100004,2025-06-19,193.92,194.01,191,15
3ff50003-2fe1-48f8-9f7b-f9966f73cddf,100040,2025-06-19,12.05,14.18,65,8
3ff50003-2fe1-48f8-9f7b-f9966f73cddf,100032,2025-06-19,202.17,202.19,503,11
3ff50003-2fe1-48f8-9f7b-f9966f73cddf,100041,2025-06-23,0,0,0,22
3ff50003-2fe1-48f8-9f7b-f9966f73cddf,100032,2025-06-23,142.51,170.42,568,14
3ff50003-2fe1-48f8-9f7b-f9966f73cddf,100024,2025-06-23,41.47,51.93,32,9
3ff50003-2fe1-48f8-9f7b-f9966f73cddf,100034,2025-06-23,168.77,208.27,53,34
3ff50003-2fe1-48f8-9f7b-f9966f73cddf,100007,2025-06-23,82.24,99.33,67,15
3ff50003-2fe1-48f8-9f7b-f9966f73cddf,100001,2025-06-28,241.2,292.15,167,23
3ff50003-2fe1-48f8-9f7b-f9966f73cddf,100021,2025-06-28,313.05,373.33,268,13
3ff50003-2fe1-48f8-9f7b-f9966f73cddf,100022,2025-06-23,104.99,135.26,84,65
3ff50003-2fe1-48f8-9f7b-f9966f73cddf,100035,2025-06-28,0,0,0,1
3ff50003-2fe1-48f8-9f7b-f9966f73cddf,100039,2025-07-02,3.6,4.24,72,2
3ff50003-2fe1-48f8-9f7b-f9966f73cddf,100018,2025-06-25,23.55,30.26,66,12
3ff50003-2fe1-48f8-9f7b-f9966f73cddf,100001,2025-06-25,64.74,82.82,140,24
3ff50003-2fe1-48f8-9f7b-f9966f73cddf,100036,2025-06-25,13.72,16.14,72,2
3ff50003-2fe1-48f8-9f7b-f9966f73cddf,100019,2025-06-25,2.13,3,0,5
3ff50003-2fe1-48f8-9f7b-f9966f73cddf,100034,2025-06-03,5.58,8.84,51,4
3ff50003-2fe1-48f8-9f7b-f9966f73cddf,100051,2025-06-03,16.85,17.06,142,7
3ff50003-2fe1-48f8-9f7b-f9966f73cddf,100008,2025-06-13,22.75,84.8,148,10
3ff50003-2fe1-48f8-9f7b-f9966f73cddf,100064,2025-06-13,15.45,46.14,163,10
3ff50003-2fe1-48f8-9f7b-f9966f73cddf,100036,2025-06-13,18.44,37.39,82,9
3ff50003-2fe1-48f8-9f7b-f9966f73cddf,100020,2025-06-13,22.15,44.98,101,5
3ff50003-2fe1-48f8-9f7b-f9966f73cddf,100033,2025-06-13,36.37,43.18,291,5
3ff50003-2fe1-48f8-9f7b-f9966f73cddf,100035,2025-06-13,16.64,35.98,119,8
3ff50003-2fe1-48f8-9f7b-f9966f73cddf,100012,2025-06-13,16.11,27.88,90,4
3ff50003-2fe1-48f8-9f7b-f9966f73cddf,100040,2025-06-13,11.24,13.3,40,6
3ff50003-2fe1-48f8-9f7b-f9966f73cddf,100026,2025-06-13,6.16,17.22,40,6
3ff50003-2fe1-48f8-9f7b-f9966f73cddf,100058,2025-06-13,8.62,18.62,97,4
3ff50003-2fe1-48f8-9f7b-f9966f73cddf,100019,2025-06-09,16.53,26.19,84,5
3ff50003-2fe1-48f8-9f7b-f9966f73cddf,100028,2025-06-09,2.8,3.7,25,1
3ff50003-2fe1-48f8-9f7b-f9966f73cddf,100012,2025-06-25,0,0,3,0
3ff50003-2fe1-48f8-9f7b-f9966f73cddf,100055,2025-06-30,26.25,30.88,0,9
3ff50003-2fe1-48f8-9f7b-f9966f73cddf,100040,2025-06-09,11.04,12.09,22,6
3ff50003-2fe1-48f8-9f7b-f9966f73cddf,100014,2025-06-26,63.79,79.28,234,35
3ff50003-2fe1-48f8-9f7b-f9966f73cddf,100033,2025-06-26,2.64,3.11,26,0
3ff50003-2fe1-48f8-9f7b-f9966f73cddf,100004,2025-06-26,1.24,1.46,4,0
3ff50003-2fe1-48f8-9f7b-f9966f73cddf,100043,2025-06-26,0.84,0.99,3,1
3ff50003-2fe1-48f8-9f7b-f9966f73cddf,100016,2025-06-10,13.44,14.96,39,5
3ff50003-2fe1-48f8-9f7b-f9966f73cddf,100048,2025-06-10,37.8,55.5,65,13
3ff50003-2fe1-48f8-9f7b-f9966f73cddf,100030,2025-06-10,9.6,11.58,176,30
3ff50003-2fe1-48f8-9f7b-f9966f73cddf,100012,2025-06-10,22.62,28.47,240,16
3ff50003-2fe1-48f8-9f7b-f9966f73cddf,100064,2025-06-10,12.71,13.86,53,4
3ff50003-2fe1-48f8-9f7b-f9966f73cddf,100024,2025-06-10,2.98,3.6,69,15
3ff50003-2fe1-48f8-9f7b-f9966f73cddf,100064,2025-06-24,83.74,101.91,354,34
3ff50003-2fe1-48f8-9f7b-f9966f73cddf,100055,2025-06-24,121.26,149.17,156,18
3ff50003-2fe1-48f8-9f7b-f9966f73cddf,100008,2025-06-24,28.78,37.15,17,11
3ff50003-2fe1-48f8-9f7b-f9966f73cddf,100036,2025-06-24,323.64,380.76,178,11
3ff50003-2fe1-48f8-9f7b-f9966f73cddf,100073,2025-06-24,7.56,9.51,26,2
3ff50003-2fe1-48f8-9f7b-f9966f73cddf,100019,2025-06-04,19.42,30.74,148,3
3ff50003-2fe1-48f8-9f7b-f9966f73cddf,100040,2025-06-04,5.02,6.15,54,7
3ff50003-2fe1-48f8-9f7b-f9966f73cddf,100076,2025-06-16,0,0,2,0
3ff50003-2fe1-48f8-9f7b-f9966f73cddf,100048,2025-06-22,73.62,90.35,253,25
3ff50003-2fe1-48f8-9f7b-f9966f73cddf,100015,2025-06-22,30.18,38.39,130,9
3ff50003-2fe1-48f8-9f7b-f9966f73cddf,100047,2025-06-22,63.29,77.21,115,12
3ff50003-2fe1-48f8-9f7b-f9966f73cddf,100043,2025-06-22,136.92,167.58,175,17
3ff50003-2fe1-48f8-9f7b-f9966f73cddf,100026,2025-06-16,11.14,26.81,81,8
3ff50003-2fe1-48f8-9f7b-f9966f73cddf,100003,2025-06-18,200.81,235.37,215,20
3ff50003-2fe1-48f8-9f7b-f9966f73cddf,100019,2025-06-18,93.08,95.04,84,5
3ff50003-2fe1-48f8-9f7b-f9966f73cddf,100043,2025-06-18,52.56,53.71,156,16
3ff50003-2fe1-48f8-9f7b-f9966f73cddf,100003,2025-06-26,0.61,0.72,9,2
3ff50003-2fe1-48f8-9f7b-f9966f73cddf,100002,2025-06-26,0.4,0.47,1,0
3ff50003-2fe1-48f8-9f7b-f9966f73cddf,100015,2025-06-24,91.35,110.95,789,23
3ff50003-2fe1-48f8-9f7b-f9966f73cddf,100012,2025-06-04,18.98,23.89,66,17
3ff50003-2fe1-48f8-9f7b-f9966f73cddf,100041,2025-06-16,127.04,214.88,2280,30
3ff50003-2fe1-48f8-9f7b-f9966f73cddf,100014,2025-06-16,22.39,50.37,210,22
3ff50003-2fe1-48f8-9f7b-f9966f73cddf,100001,2025-06-16,15.88,22.87,131,1
3ff50003-2fe1-48f8-9f7b-f9966f73cddf,100024,2025-06-16,6.92,18.67,50,2
3ff50003-2fe1-48f8-9f7b-f9966f73cddf,100055,2025-06-18,35.18,35.94,155,10
3ff50003-2fe1-48f8-9f7b-f9966f73cddf,100007,2025-06-18,47.55,50.45,40,5
3ff50003-2fe1-48f8-9f7b-f9966f73cddf,100021,2025-06-10,5.3,6.24,61,0
3ff50003-2fe1-48f8-9f7b-f9966f73cddf,100054,2025-06-22,111.64,131.34,22,2
3ff50003-2fe1-48f8-9f7b-f9966f73cddf,100007,2025-06-22,31.23,39.19,70,8
3ff50003-2fe1-48f8-9f7b-f9966f73cddf,100001,2025-06-20,86.86,106.89,113,8
3ff50003-2fe1-48f8-9f7b-f9966f73cddf,100003,2025-06-20,214.37,263.17,318,43
3ff50003-2fe1-48f8-9f7b-f9966f73cddf,100058,2025-06-20,130.15,162.36,390,39
3ff50003-2fe1-48f8-9f7b-f9966f73cddf,100064,2025-06-20,107.04,127.76,815,29
3ff50003-2fe1-48f8-9f7b-f9966f73cddf,100042,2025-06-14,22.98,62.83,300,9
3ff50003-2fe1-48f8-9f7b-f9966f73cddf,100012,2025-06-14,16.99,22.96,206,7
3ff50003-2fe1-48f8-9f7b-f9966f73cddf,100052,2025-06-14,20.15,21.12,264,5
3ff50003-2fe1-48f8-9f7b-f9966f73cddf,100034,2025-06-14,15.52,20.5,366,3
3ff50003-2fe1-48f8-9f7b-f9966f73cddf,100040,2025-06-14,13.04,14.18,150,2
3ff50003-2fe1-48f8-9f7b-f9966f73cddf,100014,2025-06-14,11.98,30.36,173,9
3ff50003-2fe1-48f8-9f7b-f9966f73cddf,100035,2025-06-14,4.18,4.92,77,1
3ff50003-2fe1-48f8-9f7b-f9966f73cddf,100012,2025-06-08,15.8,17.85,97,3
3ff50003-2fe1-48f8-9f7b-f9966f73cddf,100054,2025-06-08,2.9,4.51,21,1
3ff50003-2fe1-48f8-9f7b-f9966f73cddf,100019,2025-06-08,5.25,8.15,42,0
3ff50003-2fe1-48f8-9f7b-f9966f73cddf,100064,2025-06-17,29.18,79.55,170,14
3ff50003-2fe1-48f8-9f7b-f9966f73cddf,100041,2025-06-17,100.07,197.56,1788,34
3ff50003-2fe1-48f8-9f7b-f9966f73cddf,100037,2025-06-17,30.79,84.48,241,12
3ff50003-2fe1-48f8-9f7b-f9966f73cddf,100035,2025-06-17,15.7,18.47,137,7
3ff50003-2fe1-48f8-9f7b-f9966f73cddf,100026,2025-06-17,15.35,47.05,43,5
3ff50003-2fe1-48f8-9f7b-f9966f73cddf,100034,2025-06-17,14.86,14.99,75,6
3ff50003-2fe1-48f8-9f7b-f9966f73cddf,100021,2025-06-21,99.89,123.22,150,13
3ff50003-2fe1-48f8-9f7b-f9966f73cddf,100014,2025-06-21,92.7,113.46,256,29
3ff50003-2fe1-48f8-9f7b-f9966f73cddf,100037,2025-06-21,38.56,47.84,167,18
3ff50003-2fe1-48f8-9f7b-f9966f73cddf,100036,2025-06-08,5.9,6.94,41,1
3ff50003-2fe1-48f8-9f7b-f9966f73cddf,100008,2025-06-21,9.04,11.06,32,2
3ff50003-2fe1-48f8-9f7b-f9966f73cddf,100036,2025-06-21,64.04,80.6,65,3
3ff50003-2fe1-48f8-9f7b-f9966f73cddf,100041,2025-06-02,14.85,17.91,143,1
3ff50003-2fe1-48f8-9f7b-f9966f73cddf,100012,2025-06-05,14.81,18.64,96,12
3ff50003-2fe1-48f8-9f7b-f9966f73cddf,100021,2025-06-15,10.98,10.99,154,2
3ff50003-2fe1-48f8-9f7b-f9966f73cddf,100026,2025-06-01,0.2,0.25,4,0
3ff50003-2fe1-48f8-9f7b-f9966f73cddf,100058,2025-07-04,0,0,0,1
3ff50003-2fe1-48f8-9f7b-f9966f73cddf,100064,2025-06-27,189.56,229.17,503,30
3ff50003-2fe1-48f8-9f7b-f9966f73cddf,100022,2025-06-12,21.63,51.3,240,24
3ff50003-2fe1-48f8-9f7b-f9966f73cddf,100034,2025-06-12,18.78,29.73,187,7
3ff50003-2fe1-48f8-9f7b-f9966f73cddf,100008,2025-06-12,22.35,35.92,200,4
3ff50003-2fe1-48f8-9f7b-f9966f73cddf,100011,2025-06-29,0,0,1,0
3ff50003-2fe1-48f8-9f7b-f9966f73cddf,100039,2025-07-01,116.15,136.65,2143,38
3ff50003-2fe1-48f8-9f7b-f9966f73cddf,100055,2025-07-01,10.3,12.12,44,5
3ff50003-2fe1-48f8-9f7b-f9966f73cddf,100048,2025-06-11,18.64,27.36,173,19
3ff50003-2fe1-48f8-9f7b-f9966f73cddf,100030,2025-06-11,19.02,35.87,158,11
3ff50003-2fe1-48f8-9f7b-f9966f73cddf,100012,2025-06-11,24.23,39.48,156,10
3ff50003-2fe1-48f8-9f7b-f9966f73cddf,100033,2025-06-11,32.11,47.13,327,10
3ff50003-2fe1-48f8-9f7b-f9966f73cddf,100014,2025-06-19,270.18,270.28,618,57
3ff50003-2fe1-48f8-9f7b-f9966f73cddf,100058,2025-06-19,160.92,160.93,334,19
3ff50003-2fe1-48f8-9f7b-f9966f73cddf,100042,2025-06-19,197.52,221.55,381,51
3ff50003-2fe1-48f8-9f7b-f9966f73cddf,100037,2025-06-19,52.48,52.51,230,11
3ff50003-2fe1-48f8-9f7b-f9966f73cddf,100020,2025-06-19,119.11,119.17,316,9
3ff50003-2fe1-48f8-9f7b-f9966f73cddf,100047,2025-06-23,125.67,150.42,143,15
3ff50003-2fe1-48f8-9f7b-f9966f73cddf,100042,2025-06-23,1414.15,1674.65,1152,239
3ff50003-2fe1-48f8-9f7b-f9966f73cddf,100004,2025-06-23,207.78,250.37,200,17
3ff50003-2fe1-48f8-9f7b-f9966f73cddf,100019,2025-06-23,518.3,621.1,142,40
3ff50003-2fe1-48f8-9f7b-f9966f73cddf,100020,2025-06-28,254.81,299.78,54,3
3ff50003-2fe1-48f8-9f7b-f9966f73cddf,100027,2025-06-28,0,0,0,1
3ff50003-2fe1-48f8-9f7b-f9966f73cddf,100020,2025-06-12,20.71,34.63,234,6
3ff50003-2fe1-48f8-9f7b-f9966f73cddf,100018,2025-06-11,10.27,16.26,61,7
3ff50003-2fe1-48f8-9f7b-f9966f73cddf,100022,2025-06-19,228.78,248.33,256,84
3ff50003-2fe1-48f8-9f7b-f9966f73cddf,100043,2025-06-23,256.31,307.47,213,24
3ff50003-2fe1-48f8-9f7b-f9966f73cddf,100048,2025-06-23,243.23,289.75,469,56
3ff50003-2fe1-48f8-9f7b-f9966f73cddf,100037,2025-06-28,376.65,479.92,379,35
3ff50003-2fe1-48f8-9f7b-f9966f73cddf,100021,2025-07-02,0.45,0.53,9,0
3ff50003-2fe1-48f8-9f7b-f9966f73cddf,100037,2025-07-02,0.6,0.71,12,1
3ff50003-2fe1-48f8-9f7b-f9966f73cddf,100039,2025-06-25,48.92,61.51,235,18
3ff50003-2fe1-48f8-9f7b-f9966f73cddf,100032,2025-06-25,11.11,13.42,45,2
3ff50003-2fe1-48f8-9f7b-f9966f73cddf,100055,2025-06-25,65.38,82.88,181,19
3ff50003-2fe1-48f8-9f7b-f9966f73cddf,100003,2025-06-03,19.75,27.02,130,11
3ff50003-2fe1-48f8-9f7b-f9966f73cddf,100027,2025-06-03,4.55,5.56,42,2
3ff50003-2fe1-48f8-9f7b-f9966f73cddf,100039,2025-06-13,14.57,18.33,110,7
3ff50003-2fe1-48f8-9f7b-f9966f73cddf,100021,2025-06-13,15.22,19.15,122,4
3ff50003-2fe1-48f8-9f7b-f9966f73cddf,100015,2025-06-13,18.02,22.67,80,3
3ff50003-2fe1-48f8-9f7b-f9966f73cddf,100073,2025-06-13,0.95,1.72,13,1
3ff50003-2fe1-48f8-9f7b-f9966f73cddf,100001,2025-06-09,12.6,18.61,58,7
3ff50003-2fe1-48f8-9f7b-f9966f73cddf,100012,2025-06-09,41.36,45.83,145,13
3ff50003-2fe1-48f8-9f7b-f9966f73cddf,100047,2025-06-09,2.9,3.99,30,1
3ff50003-2fe1-48f8-9f7b-f9966f73cddf,100058,2025-06-26,11.2,13.18,37,4
3ff50003-2fe1-48f8-9f7b-f9966f73cddf,100028,2025-06-26,66.03,82.55,229,30
3ff50003-2fe1-48f8-9f7b-f9966f73cddf,100021,2025-06-26,83.83,104.96,288,20
3ff50003-2fe1-48f8-9f7b-f9966f73cddf,100051,2025-06-26,0.41,0.48,3,0
3ff50003-2fe1-48f8-9f7b-f9966f73cddf,100018,2025-06-26,0,0,4,1
3ff50003-2fe1-48f8-9f7b-f9966f73cddf,100030,2025-06-26,0,0,1,0
3ff50003-2fe1-48f8-9f7b-f9966f73cddf,100014,2025-06-10,18.56,20.25,79,12
3ff50003-2fe1-48f8-9f7b-f9966f73cddf,100032,2025-06-10,13.34,15.7,72,4
3ff50003-2fe1-48f8-9f7b-f9966f73cddf,100015,2025-06-10,1.93,2.27,40,1
3ff50003-2fe1-48f8-9f7b-f9966f73cddf,100018,2025-06-19,76.94,82.19,132,11
3ff50003-2fe1-48f8-9f7b-f9966f73cddf,100054,2025-06-19,142.34,142.65,30,3
3ff50003-2fe1-48f8-9f7b-f9966f73cddf,100026,2025-06-04,8.87,10.83,57,9
3ff50003-2fe1-48f8-9f7b-f9966f73cddf,100027,2025-06-04,11.45,13.99,67,6
3ff50003-2fe1-48f8-9f7b-f9966f73cddf,100037,2025-06-16,19.84,44.61,147,6
3ff50003-2fe1-48f8-9f7b-f9966f73cddf,100012,2025-06-16,24.43,58.99,215,8
3ff50003-2fe1-48f8-9f7b-f9966f73cddf,100051,2025-06-16,25.15,42.49,232,10
3ff50003-2fe1-48f8-9f7b-f9966f73cddf,100014,2025-06-18,130.45,160.88,256,18
3ff50003-2fe1-48f8-9f7b-f9966f73cddf,100074,2025-06-18,50.91,57.53,37,5
3ff50003-2fe1-48f8-9f7b-f9966f73cddf,100058,2025-06-18,109.36,119.25,278,10
3ff50003-2fe1-48f8-9f7b-f9966f73cddf,100033,2025-06-22,61.93,76.27,247,17
3ff50003-2fe1-48f8-9f7b-f9966f73cddf,100052,2025-06-22,133.09,160.66,322,29
3ff50003-2fe1-48f8-9f7b-f9966f73cddf,100064,2025-06-22,54.66,66.94,248,14
3ff50003-2fe1-48f8-9f7b-f9966f73cddf,100019,2025-06-22,102.46,132.4,157,19
3ff50003-2fe1-48f8-9f7b-f9966f73cddf,100040,2025-06-22,20.89,24.58,85,11
3ff50003-2fe1-48f8-9f7b-f9966f73cddf,100012,2025-06-07,12.75,13.58,76,5
3ff50003-2fe1-48f8-9f7b-f9966f73cddf,100034,2025-06-07,15.2,17.88,82,2
3ff50003-2fe1-48f8-9f7b-f9966f73cddf,100036,2025-06-07,5.05,5.94,33,1
3ff50003-2fe1-48f8-9f7b-f9966f73cddf,100058,2025-06-16,14.06,18.87,121,6
3ff50003-2fe1-48f8-9f7b-f9966f73cddf,100026,2025-06-22,132.35,161.5,157,25
3ff50003-2fe1-48f8-9f7b-f9966f73cddf,100051,2025-06-20,170.43,211.56,343,18
3ff50003-2fe1-48f8-9f7b-f9966f73cddf,100024,2025-06-20,62.39,75.66,140,25
3ff50003-2fe1-48f8-9f7b-f9966f73cddf,100040,2025-06-20,71.99,84.7,145,19
3ff50003-2fe1-48f8-9f7b-f9966f73cddf,100008,2025-06-20,40.09,48.57,125,13
3ff50003-2fe1-48f8-9f7b-f9966f73cddf,100042,2025-06-20,302.59,367.4,315,53
3ff50003-2fe1-48f8-9f7b-f9966f73cddf,100012,2025-06-20,239.17,293.51,251,30
3ff50003-2fe1-48f8-9f7b-f9966f73cddf,100004,2025-06-20,204.88,248.3,266,16
3ff50003-2fe1-48f8-9f7b-f9966f73cddf,100055,2025-06-14,11.71,13.77,131,4
3ff50003-2fe1-48f8-9f7b-f9966f73cddf,100051,2025-06-14,18.25,25.4,218,10
3ff50003-2fe1-48f8-9f7b-f9966f73cddf,100020,2025-06-14,15.59,18.34,204,2
3ff50003-2fe1-48f8-9f7b-f9966f73cddf,100002,2025-06-14,19.55,37.19,215,3
3ff50003-2fe1-48f8-9f7b-f9966f73cddf,100028,2025-06-14,7.36,18.67,104,5
3ff50003-2fe1-48f8-9f7b-f9966f73cddf,100051,2025-06-08,12.55,12.71,98,2
3ff50003-2fe1-48f8-9f7b-f9966f73cddf,100004,2025-06-08,0.65,0.68,6,0
3ff50003-2fe1-48f8-9f7b-f9966f73cddf,100033,2025-06-08,1.55,1.82,9,1
3ff50003-2fe1-48f8-9f7b-f9966f73cddf,100002,2025-06-17,39.38,117.56,280,20
3ff50003-2fe1-48f8-9f7b-f9966f73cddf,100036,2025-06-17,31.08,51.5,133,15
3ff50003-2fe1-48f8-9f7b-f9966f73cddf,100003,2025-06-17,38.53,76.08,232,18
3ff50003-2fe1-48f8-9f7b-f9966f73cddf,100033,2025-06-17,40.88,63.98,275,7
3ff50003-2fe1-48f8-9f7b-f9966f73cddf,100020,2025-06-17,38.41,63.67,390,9
3ff50003-2fe1-48f8-9f7b-f9966f73cddf,100026,2025-06-11,6.77,11.01,23,2
3ff50003-2fe1-48f8-9f7b-f9966f73cddf,100015,2025-06-21,27.23,34.62,94,6
3ff50003-2fe1-48f8-9f7b-f9966f73cddf,100055,2025-06-21,50.29,63.35,164,8
3ff50003-2fe1-48f8-9f7b-f9966f73cddf,100058,2025-06-21,173.78,214.59,271,25
3ff50003-2fe1-48f8-9f7b-f9966f73cddf,100033,2025-06-21,50.24,62.02,204,15
3ff50003-2fe1-48f8-9f7b-f9966f73cddf,100001,2025-06-21,64.86,83.29,108,12
3ff50003-2fe1-48f8-9f7b-f9966f73cddf,100002,2025-06-21,84.86,109.26,134,25
3ff50003-2fe1-48f8-9f7b-f9966f73cddf,100064,2025-06-08,1.9,2.16,11,1
3ff50003-2fe1-48f8-9f7b-f9966f73cddf,100052,2025-06-08,0.76,0.89,9,0
3ff50003-2fe1-48f8-9f7b-f9966f73cddf,100034,2025-06-08,17.6,27.35,93,7
3ff50003-2fe1-48f8-9f7b-f9966f73cddf,100021,2025-06-08,0.15,0.18,3,0
3ff50003-2fe1-48f8-9f7b-f9966f73cddf,100043,2025-06-08,0.25,0.26,5,0
3ff50003-2fe1-48f8-9f7b-f9966f73cddf,100019,2025-06-21,94.9,122.9,74,13
3ff50003-2fe1-48f8-9f7b-f9966f73cddf,100030,2025-06-21,12.65,16.16,41,4
3ff50003-2fe1-48f8-9f7b-f9966f73cddf,100031,2025-06-21,0,0,0,1
3ff50003-2fe1-48f8-9f7b-f9966f73cddf,100003,2025-06-15,20.94,33.27,256,11
3ff50003-2fe1-48f8-9f7b-f9966f73cddf,100008,2025-06-15,14.65,32.05,138,5
3ff50003-2fe1-48f8-9f7b-f9966f73cddf,100037,2025-06-15,15.51,43.88,153,10
3ff50003-2fe1-48f8-9f7b-f9966f73cddf,100004,2025-06-15,9.37,16.29,111,5
3ff50003-2fe1-48f8-9f7b-f9966f73cddf,100033,2025-06-15,21.35,25.57,276,3
3ff50003-2fe1-48f8-9f7b-f9966f73cddf,100036,2025-06-02,4.23,5.14,53,0
3ff50003-2fe1-48f8-9f7b-f9966f73cddf,100012,2025-06-06,22.15,25.4,119,9
3ff50003-2fe1-48f8-9f7b-f9966f73cddf,100054,2025-06-06,2.5,2.94,20,1
3ff50003-2fe1-48f8-9f7b-f9966f73cddf,100022,2025-06-05,5.85,7.16,39,7
3ff50003-2fe1-48f8-9f7b-f9966f73cddf,100040,2025-06-05,4.2,5.14,35,3
3ff50003-2fe1-48f8-9f7b-f9966f73cddf,100051,2025-06-15,16.11,20.93,178,6
3ff50003-2fe1-48f8-9f7b-f9966f73cddf,100039,2025-06-15,12.56,12.58,165,2
3ff50003-2fe1-48f8-9f7b-f9966f73cddf,100019,2025-06-15,4.42,5.2,41,0
3ff50003-2fe1-48f8-9f7b-f9966f73cddf,100037,2025-06-27,231.84,278.51,475,32
3ff50003-2fe1-48f8-9f7b-f9966f73cddf,100028,2025-06-27,117.39,143.04,311,22
3ff50003-2fe1-48f8-9f7b-f9966f73cddf,100032,2025-06-12,10.55,14.13,135,4
3ff50003-2fe1-48f8-9f7b-f9966f73cddf,100058,2025-06-12,15.85,21.26,124,8
3ff50003-2fe1-48f8-9f7b-f9966f73cddf,100011,2025-06-12,27.01,44.68,268,13
3ff50003-2fe1-48f8-9f7b-f9966f73cddf,100036,2025-06-12,18.16,30.37,248,7
3ff50003-2fe1-48f8-9f7b-f9966f73cddf,100014,2025-06-12,26.23,68.08,277,30
3ff50003-2fe1-48f8-9f7b-f9966f73cddf,100030,2025-06-12,20.41,32.81,308,12
3ff50003-2fe1-48f8-9f7b-f9966f73cddf,100021,2025-06-29,79.92,94.03,239,7
3ff50003-2fe1-48f8-9f7b-f9966f73cddf,100037,2025-07-01,25.4,29.88,219,7
3ff50003-2fe1-48f8-9f7b-f9966f73cddf,100008,2025-06-11,10.56,19.89,95,2
3ff50003-2fe1-48f8-9f7b-f9966f73cddf,100058,2025-06-11,7.44,9.98,105,4
3ff50003-2fe1-48f8-9f7b-f9966f73cddf,100036,2025-06-11,17.15,21.59,94,5
3ff50003-2fe1-48f8-9f7b-f9966f73cddf,100002,2025-06-11,16.31,30.75,126,7
3ff50003-2fe1-48f8-9f7b-f9966f73cddf,100047,2025-06-19,41.9,47.11,71,7
3ff50003-2fe1-48f8-9f7b-f9966f73cddf,100051,2025-06-19,210.33,214.42,265,16
3ff50003-2fe1-48f8-9f7b-f9966f73cddf,100052,2025-06-19,86.52,88.41,233,11
3ff50003-2fe1-48f8-9f7b-f9966f73cddf,100001,2025-06-19,220.58,220.64,159,17
3ff50003-2fe1-48f8-9f7b-f9966f73cddf,100021,2025-06-19,50.32,50.34,168,6
3ff50003-2fe1-48f8-9f7b-f9966f73cddf,100076,2025-06-19,6.49,8.09,20,1
3ff50003-2fe1-48f8-9f7b-f9966f73cddf,100033,2025-06-23,257.91,306.47,641,26
3ff50003-2fe1-48f8-9f7b-f9966f73cddf,100011,2025-06-23,751.82,898.54,1014,43
3ff50003-2fe1-48f8-9f7b-f9966f73cddf,100055,2025-06-28,419.39,500.81,297,28
3ff50003-2fe1-48f8-9f7b-f9966f73cddf,100022,2025-06-11,21.25,34.61,116,21
3ff50003-2fe1-48f8-9f7b-f9966f73cddf,100014,2025-06-11,21.24,55.13,181,21
3ff50003-2fe1-48f8-9f7b-f9966f73cddf,100047,2025-06-11,7.82,12.39,61,1
3ff50003-2fe1-48f8-9f7b-f9966f73cddf,100052,2025-06-23,420.54,498.64,661,67
3ff50003-2fe1-48f8-9f7b-f9966f73cddf,100036,2025-06-28,30.82,39.26,100,8
3ff50003-2fe1-48f8-9f7b-f9966f73cddf,100039,2025-06-28,118.28,144.74,357,20
3ff50003-2fe1-48f8-9f7b-f9966f73cddf,100028,2025-06-19,42.74,42.76,123,10
3ff50003-2fe1-48f8-9f7b-f9966f73cddf,100021,2025-06-25,47.24,59.53,253,15
3ff50003-2fe1-48f8-9f7b-f9966f73cddf,100011,2025-06-25,101.84,129.96,225,30
3ff50003-2fe1-48f8-9f7b-f9966f73cddf,100051,2025-06-25,102.43,132.25,146,19
3ff50003-2fe1-48f8-9f7b-f9966f73cddf,100004,2025-06-25,3.11,3.66,15,1
3ff50003-2fe1-48f8-9f7b-f9966f73cddf,100026,2025-06-03,2.77,3.39,23,0
3ff50003-2fe1-48f8-9f7b-f9966f73cddf,100012,2025-06-03,7.77,9.77,53,12
3ff50003-2fe1-48f8-9f7b-f9966f73cddf,100041,2025-06-13,98.93,122.93,1799,33
3ff50003-2fe1-48f8-9f7b-f9966f73cddf,100052,2025-06-13,34.51,40.96,296,16
3ff50003-2fe1-48f8-9f7b-f9966f73cddf,100001,2025-06-13,30.75,53.12,79,5
3ff50003-2fe1-48f8-9f7b-f9966f73cddf,100055,2025-06-13,14.48,24.98,92,10
3ff50003-2fe1-48f8-9f7b-f9966f73cddf,100055,2025-06-09,7.87,11.63,53,4
3ff50003-2fe1-48f8-9f7b-f9966f73cddf,100026,2025-06-09,8.73,9.54,31,4
3ff50003-2fe1-48f8-9f7b-f9966f73cddf,100022,2025-06-09,19.9,21.8,65,10
3ff50003-2fe1-48f8-9f7b-f9966f73cddf,100015,2025-06-09,3.18,3.74,67,1
3ff50003-2fe1-48f8-9f7b-f9966f73cddf,100037,2025-06-30,46.78,56.54,257,14
3ff50003-2fe1-48f8-9f7b-f9966f73cddf,100011,2025-06-09,15.29,17.02,115,12
3ff50003-2fe1-48f8-9f7b-f9966f73cddf,100058,2025-06-09,6.32,7.44,31,3
3ff50003-2fe1-48f8-9f7b-f9966f73cddf,100051,2025-06-09,31.71,31.94,176,15
3ff50003-2fe1-48f8-9f7b-f9966f73cddf,100064,2025-06-26,166.71,201.43,2053,72
3ff50003-2fe1-48f8-9f7b-f9966f73cddf,100015,2025-06-26,113.99,139.54,628,37
3ff50003-2fe1-48f8-9f7b-f9966f73cddf,100048,2025-06-26,1.35,1.59,18,1
3ff50003-2fe1-48f8-9f7b-f9966f73cddf,100052,2025-06-26,1.83,2.15,15,1
3ff50003-2fe1-48f8-9f7b-f9966f73cddf,100073,2025-06-26,0.05,0.06,1,0
3ff50003-2fe1-48f8-9f7b-f9966f73cddf,100042,2025-06-03,18.4,18.77,108,6
3ff50003-2fe1-48f8-9f7b-f9966f73cddf,100001,2025-06-10,6.55,9.66,78,4
3ff50003-2fe1-48f8-9f7b-f9966f73cddf,100042,2025-06-10,22.82,23.58,175,42
3ff50003-2fe1-48f8-9f7b-f9966f73cddf,100052,2025-06-10,18.96,27.83,82,13
3ff50003-2fe1-48f8-9f7b-f9966f73cddf,100043,2025-06-10,10.33,12.13,161,12
3ff50003-2fe1-48f8-9f7b-f9966f73cddf,100019,2025-06-10,18.25,28.89,104,4
3ff50003-2fe1-48f8-9f7b-f9966f73cddf,100011,2025-06-10,17.1,19.02,249,9
3ff50003-2fe1-48f8-9f7b-f9966f73cddf,100038,2025-06-10,3.05,3.58,14,1
3ff50003-2fe1-48f8-9f7b-f9966f73cddf,100004,2025-06-10,17.42,20.46,220,21
3ff50003-2fe1-48f8-9f7b-f9966f73cddf,100018,2025-06-10,14.64,16.29,34,9
3ff50003-2fe1-48f8-9f7b-f9966f73cddf,100011,2025-06-24,309.07,374.62,1370,38
3ff50003-2fe1-48f8-9f7b-f9966f73cddf,100058,2025-06-24,88.01,109.94,223,41
3ff50003-2fe1-48f8-9f7b-f9966f73cddf,100019,2025-06-24,91.8,119.01,35,18
3ff50003-2fe1-48f8-9f7b-f9966f73cddf,100027,2025-06-24,40.43,52.41,12,11
3ff50003-2fe1-48f8-9f7b-f9966f73cddf,100026,2025-06-24,51.49,66.74,15,14
3ff50003-2fe1-48f8-9f7b-f9966f73cddf,100003,2025-06-04,19.38,31.05,139,9
3ff50003-2fe1-48f8-9f7b-f9966f73cddf,100041,2025-06-04,15.15,24.26,164,9
3ff50003-2fe1-48f8-9f7b-f9966f73cddf,100073,2025-06-16,7.16,12.1,37,3
3ff50003-2fe1-48f8-9f7b-f9966f73cddf,100004,2025-06-16,16.36,26.61,176,3
3ff50003-2fe1-48f8-9f7b-f9966f73cddf,100034,2025-06-16,18.72,22.02,275,3
3ff50003-2fe1-48f8-9f7b-f9966f73cddf,100048,2025-06-16,22.76,53.57,206,17
3ff50003-2fe1-48f8-9f7b-f9966f73cddf,100051,2025-06-18,129.77,178.04,553,19
3ff50003-2fe1-48f8-9f7b-f9966f73cddf,100004,2025-06-18,121.84,123.11,187,30
3ff50003-2fe1-48f8-9f7b-f9966f73cddf,100037,2025-06-22,63.86,78.05,230,14
3ff50003-2fe1-48f8-9f7b-f9966f73cddf,100018,2025-06-18,97.97,110.94,125,21
3ff50003-2fe1-48f8-9f7b-f9966f73cddf,100035,2025-06-18,78.02,82.38,183,5
3ff50003-2fe1-48f8-9f7b-f9966f73cddf,100073,2025-06-18,4.4,9.03,26,4
3ff50003-2fe1-48f8-9f7b-f9966f73cddf,100021,2025-06-24,79.37,97.43,208,12
3ff50003-2fe1-48f8-9f7b-f9966f73cddf,100028,2025-06-24,95.09,114.58,200,34
3ff50003-2fe1-48f8-9f7b-f9966f73cddf,100024,2025-06-18,31.09,47.9,120,14
3ff50003-2fe1-48f8-9f7b-f9966f73cddf,100042,2025-06-22,177.06,219.24,284,56
3ff50003-2fe1-48f8-9f7b-f9966f73cddf,100022,2025-06-22,186.61,230.74,227,42
3ff50003-2fe1-48f8-9f7b-f9966f73cddf,100016,2025-06-22,71.69,86.79,90,14
3ff50003-2fe1-48f8-9f7b-f9966f73cddf,100030,2025-06-22,21.95,28.48,41,8
3ff50003-2fe1-48f8-9f7b-f9966f73cddf,100022,2025-06-20,181.17,224.73,267,59
3ff50003-2fe1-48f8-9f7b-f9966f73cddf,100018,2025-06-20,60.59,73.87,80,9
3ff50003-2fe1-48f8-9f7b-f9966f73cddf,100004,2025-06-14,6.52,11.88,94,2
3ff50003-2fe1-48f8-9f7b-f9966f73cddf,100007,2025-06-14,2.93,7.16,40,1
3ff50003-2fe1-48f8-9f7b-f9966f73cddf,100054,2025-06-14,1.5,1.99,22,1
3ff50003-2fe1-48f8-9f7b-f9966f73cddf,100008,2025-06-14,17.7,33.67,192,4
3ff50003-2fe1-48f8-9f7b-f9966f73cddf,100003,2025-06-08,16.93,23.5,93,4
3ff50003-2fe1-48f8-9f7b-f9966f73cddf,100040,2025-06-08,2,2.24,21,2
3ff50003-2fe1-48f8-9f7b-f9966f73cddf,100024,2025-06-17,11.99,35.8,96,11
3ff50003-2fe1-48f8-9f7b-f9966f73cddf,100021,2025-06-17,31.69,37.28,249,6
3ff50003-2fe1-48f8-9f7b-f9966f73cddf,100012,2025-06-17,37.92,116.1,239,12
3ff50003-2fe1-48f8-9f7b-f9966f73cddf,100030,2025-06-17,39.89,119.05,256,35
3ff50003-2fe1-48f8-9f7b-f9966f73cddf,100016,2025-06-17,7.26,13.6,78,4
3ff50003-2fe1-48f8-9f7b-f9966f73cddf,100004,2025-06-21,114.02,140.94,244,12
3ff50003-2fe1-48f8-9f7b-f9966f73cddf,100032,2025-06-21,41.47,48.79,109,3
3ff50003-2fe1-48f8-9f7b-f9966f73cddf,100052,2025-06-21,103.43,127.53,196,21
3ff50003-2fe1-48f8-9f7b-f9966f73cddf,100048,2025-06-21,103.68,127.83,221,25
3ff50003-2fe1-48f8-9f7b-f9966f73cddf,100042,2025-06-21,157.44,196.67,231,47
3ff50003-2fe1-48f8-9f7b-f9966f73cddf,100034,2025-06-21,103.93,135,68,17
3ff50003-2fe1-48f8-9f7b-f9966f73cddf,100027,2025-06-08,3.28,3.65,21,3
3ff50003-2fe1-48f8-9f7b-f9966f73cddf,100047,2025-06-08,0.5,0.53,2,0
3ff50003-2fe1-48f8-9f7b-f9966f73cddf,100074,2025-06-20,27.88,32.8,16,1
3ff50003-2fe1-48f8-9f7b-f9966f73cddf,100040,2025-06-15,13.1,14.51,161,4
3ff50003-2fe1-48f8-9f7b-f9966f73cddf,100024,2025-06-15,8.53,18.65,100,4
3ff50003-2fe1-48f8-9f7b-f9966f73cddf,100043,2025-06-15,6.5,11.29,71,3
3ff50003-2fe1-48f8-9f7b-f9966f73cddf,100014,2025-06-15,14.35,40.79,169,14
3ff50003-2fe1-48f8-9f7b-f9966f73cddf,100064,2025-06-15,11.48,32.59,118,6
3ff50003-2fe1-48f8-9f7b-f9966f73cddf,100028,2025-06-15,7.36,20.91,82,8
3ff50003-2fe1-48f8-9f7b-f9966f73cddf,100022,2025-06-02,3.38,4.14,34,8
3ff50003-2fe1-48f8-9f7b-f9966f73cddf,100020,2025-06-06,8.01,9.42,77,3
3ff50003-2fe1-48f8-9f7b-f9966f73cddf,100022,2025-06-06,3.8,4.28,30,5
3ff50003-2fe1-48f8-9f7b-f9966f73cddf,100042,2025-06-06,20.87,21.24,119,13
3ff50003-2fe1-48f8-9f7b-f9966f73cddf,100036,2025-06-05,8.45,10.29,71,10
3ff50003-2fe1-48f8-9f7b-f9966f73cddf,100034,2025-06-05,5.41,8.56,51,5
3ff50003-2fe1-48f8-9f7b-f9966f73cddf,100054,2025-06-05,3.1,4.91,27,5
3ff50003-2fe1-48f8-9f7b-f9966f73cddf,100034,2025-06-15,15.42,18.14,422,0
3ff50003-2fe1-48f8-9f7b-f9966f73cddf,100007,2025-06-15,1.84,6.3,28,1
3ff50003-2fe1-48f8-9f7b-f9966f73cddf,100051,2025-06-01,0.15,0.15,3,0
3ff50003-2fe1-48f8-9f7b-f9966f73cddf,100039,2025-06-27,321.41,383.35,493,41
3ff50003-2fe1-48f8-9f7b-f9966f73cddf,100033,2025-06-27,0.8,0.94,3,0
3ff50003-2fe1-48f8-9f7b-f9966f73cddf,100033,2025-06-12,36.22,53.19,329,11
3ff50003-2fe1-48f8-9f7b-f9966f73cddf,100051,2025-06-12,32.97,52.83,277,11
3ff50003-2fe1-48f8-9f7b-f9966f73cddf,100001,2025-06-12,19.34,25.59,166,3
3ff50003-2fe1-48f8-9f7b-f9966f73cddf,100002,2025-06-12,24.24,38.98,275,11
3ff50003-2fe1-48f8-9f7b-f9966f73cddf,100037,2025-06-29,21.7,25.53,181,6
3ff50003-2fe1-48f8-9f7b-f9966f73cddf,100064,2025-06-29,23.3,27.41,184,4
3ff50003-2fe1-48f8-9f7b-f9966f73cddf,100027,2025-06-11,16.27,26.5,64,4
3ff50003-2fe1-48f8-9f7b-f9966f73cddf,100042,2025-06-11,25.97,38.82,152,27
3ff50003-2fe1-48f8-9f7b-f9966f73cddf,100043,2025-06-11,12.84,21.18,135,8
3ff50003-2fe1-48f8-9f7b-f9966f73cddf,100004,2025-06-11,14.71,24.28,158,5
3ff50003-2fe1-48f8-9f7b-f9966f73cddf,100015,2025-06-11,11.82,13.91,91,4
3ff50003-2fe1-48f8-9f7b-f9966f73cddf,100019,2025-06-11,17.96,22.5,63,1
3ff50003-2fe1-48f8-9f7b-f9966f73cddf,100034,2025-06-19,124.48,146.99,75,20
3ff50003-2fe1-48f8-9f7b-f9966f73cddf,100003,2025-06-19,196.15,198.94,218,25
3ff50003-2fe1-48f8-9f7b-f9966f73cddf,100002,2025-06-19,147.55,153.39,308,32
3ff50003-2fe1-48f8-9f7b-f9966f73cddf,100035,2025-06-19,43.03,43.04,140,3
3ff50003-2fe1-48f8-9f7b-f9966f73cddf,100019,2025-06-19,139.07,177.5,94,22
3ff50003-2fe1-48f8-9f7b-f9966f73cddf,100054,2025-06-23,203.98,239.98,38,3
3ff50003-2fe1-48f8-9f7b-f9966f73cddf,100020,2025-06-23,194.94,229.43,583,7
3ff50003-2fe1-48f8-9f7b-f9966f73cddf,100035,2025-07-07,0,0,0,2
3ff50003-2fe1-48f8-9f7b-f9966f73cddf,100018,2025-06-12,13.12,26.26,93,13
3ff50003-2fe1-48f8-9f7b-f9966f73cddf,100003,2025-06-11,32.7,48.82,177,21
3ff50003-2fe1-48f8-9f7b-f9966f73cddf,100011,2025-06-19,299.66,299.75,691,20
3ff50003-2fe1-48f8-9f7b-f9966f73cddf,100012,2025-06-23,147.75,189.81,70,20
3ff50003-2fe1-48f8-9f7b-f9966f73cddf,100032,2025-06-28,0,0,0,1
3ff50003-2fe1-48f8-9f7b-f9966f73cddf,100028,2025-06-23,84.81,103.21,226,24
3ff50003-2fe1-48f8-9f7b-f9966f73cddf,100064,2025-07-02,1.05,1.24,21,0
3ff50003-2fe1-48f8-9f7b-f9966f73cddf,100041,2025-06-25,20.59,24.22,139,4
3ff50003-2fe1-48f8-9f7b-f9966f73cddf,100047,2025-06-25,21.77,27.95,57,11
3ff50003-2fe1-48f8-9f7b-f9966f73cddf,100058,2025-06-25,95.91,121.77,195,26
3ff50003-2fe1-48f8-9f7b-f9966f73cddf,100040,2025-06-25,0.25,0.29,2,0
3ff50003-2fe1-48f8-9f7b-f9966f73cddf,100022,2025-06-03,2.81,3.45,29,5
3ff50003-2fe1-48f8-9f7b-f9966f73cddf,100041,2025-06-03,8.95,12.27,95,1
3ff50003-2fe1-48f8-9f7b-f9966f73cddf,100011,2025-06-13,24.15,42.05,166,18
3ff50003-2fe1-48f8-9f7b-f9966f73cddf,100024,2025-06-13,7.43,27.67,87,29
3ff50003-2fe1-48f8-9f7b-f9966f73cddf,100027,2025-06-13,9.76,27.32,40,8
3ff50003-2fe1-48f8-9f7b-f9966f73cddf,100016,2025-06-13,7.98,22.29,63,4
3ff50003-2fe1-48f8-9f7b-f9966f73cddf,100003,2025-06-09,45.18,55.14,201,15
3ff50003-2fe1-48f8-9f7b-f9966f73cddf,100027,2025-06-09,10.09,11.02,48,8
3ff50003-2fe1-48f8-9f7b-f9966f73cddf,100052,2025-06-09,21.63,32.01,129,5
3ff50003-2fe1-48f8-9f7b-f9966f73cddf,100048,2025-06-09,15.75,23.31,96,11
3ff50003-2fe1-48f8-9f7b-f9966f73cddf,100032,2025-06-09,1.95,2.29,18,1
3ff50003-2fe1-48f8-9f7b-f9966f73cddf,100035,2025-06-09,6.64,7.81,42,5
3ff50003-2fe1-48f8-9f7b-f9966f73cddf,100016,2025-06-25,22.03,28.47,52,12
3ff50003-2fe1-48f8-9f7b-f9966f73cddf,100064,2025-06-30,56.27,68.45,304,27
3ff50003-2fe1-48f8-9f7b-f9966f73cddf,100040,2025-06-03,3.3,4.04,28,2
3ff50003-2fe1-48f8-9f7b-f9966f73cddf,100055,2025-06-26,122.25,150.69,389,38
3ff50003-2fe1-48f8-9f7b-f9966f73cddf,100034,2025-06-26,0.48,0.56,2,3
3ff50003-2fe1-48f8-9f7b-f9966f73cddf,100032,2025-06-26,0.1,0.12,1,1
3ff50003-2fe1-48f8-9f7b-f9966f73cddf,100037,2025-06-10,19.9,21.71,104,7
3ff50003-2fe1-48f8-9f7b-f9966f73cddf,100055,2025-06-10,13.26,19.59,86,6
3ff50003-2fe1-48f8-9f7b-f9966f73cddf,100008,2025-06-10,9.22,11.12,116,5
3ff50003-2fe1-48f8-9f7b-f9966f73cddf,100007,2025-06-10,15.55,17.3,32,2
3ff50003-2fe1-48f8-9f7b-f9966f73cddf,100054,2025-06-10,3.05,4.84,27,3
3ff50003-2fe1-48f8-9f7b-f9966f73cddf,100003,2025-06-10,29.47,47.19,284,27
3ff50003-2fe1-48f8-9f7b-f9966f73cddf,100058,2025-06-10,3.36,3.95,55,7
3ff50003-2fe1-48f8-9f7b-f9966f73cddf,100026,2025-06-10,6.03,7.36,48,8
3ff50003-2fe1-48f8-9f7b-f9966f73cddf,100041,2025-06-24,9.03,10.62,68,8
3ff50003-2fe1-48f8-9f7b-f9966f73cddf,100037,2025-06-24,88.94,108.19,248,27
3ff50003-2fe1-48f8-9f7b-f9966f73cddf,100052,2025-06-24,99.39,121.94,282,23
3ff50003-2fe1-48f8-9f7b-f9966f73cddf,100018,2025-06-24,25.34,32.32,21,11
3ff50003-2fe1-48f8-9f7b-f9966f73cddf,100022,2025-06-04,11.41,14.02,39,6
3ff50003-2fe1-48f8-9f7b-f9966f73cddf,100047,2025-06-16,4.31,16.45,61,2
3ff50003-2fe1-48f8-9f7b-f9966f73cddf,100043,2025-06-16,16.07,26.15,139,9
3ff50003-2fe1-48f8-9f7b-f9966f73cddf,100033,2025-06-16,41.54,97.78,336,8
3ff50003-2fe1-48f8-9f7b-f9966f73cddf,100036,2025-06-16,24.52,33.88,199,10
3ff50003-2fe1-48f8-9f7b-f9966f73cddf,100032,2025-06-16,22.89,30.7,316,4
3ff50003-2fe1-48f8-9f7b-f9966f73cddf,100042,2025-06-16,24.98,42.26,224,21
3ff50003-2fe1-48f8-9f7b-f9966f73cddf,100022,2025-06-16,19.27,46.56,153,18
3ff50003-2fe1-48f8-9f7b-f9966f73cddf,100028,2025-06-18,56.75,72.28,133,12
3ff50003-2fe1-48f8-9f7b-f9966f73cddf,100030,2025-06-18,29.48,44.9,144,17
3ff50003-2fe1-48f8-9f7b-f9966f73cddf,100052,2025-06-18,98.94,120.6,321,19
3ff50003-2fe1-48f8-9f7b-f9966f73cddf,100073,2025-06-22,23.92,28.14,89,1
3ff50003-2fe1-48f8-9f7b-f9966f73cddf,100033,2025-06-10,14.39,21.12,94,5
3ff50003-2fe1-48f8-9f7b-f9966f73cddf,100048,2025-06-24,135.87,164.53,250,33
3ff50003-2fe1-48f8-9f7b-f9966f73cddf,100016,2025-06-24,21.93,28.3,19,10
3ff50003-2fe1-48f8-9f7b-f9966f73cddf,100055,2025-06-22,144.63,171.81,127,7
3ff50003-2fe1-48f8-9f7b-f9966f73cddf,100008,2025-06-18,92.76,142.74,795,21
3ff50003-2fe1-48f8-9f7b-f9966f73cddf,100016,2025-06-18,81.51,95.4,87,16
3ff50003-2fe1-48f8-9f7b-f9966f73cddf,100051,2025-06-07,10.6,10.76,93,1
3ff50003-2fe1-48f8-9f7b-f9966f73cddf,100019,2025-06-07,5.15,6.06,35,0
3ff50003-2fe1-48f8-9f7b-f9966f73cddf,100012,2025-06-22,224.7,278.29,162,14
3ff50003-2fe1-48f8-9f7b-f9966f73cddf,100027,2025-06-22,72.86,91.04,103,12
3ff50003-2fe1-48f8-9f7b-f9966f73cddf,100034,2025-06-22,95.93,124.71,0,9
3ff50003-2fe1-48f8-9f7b-f9966f73cddf,100008,2025-06-22,27.18,35.31,51,10
3ff50003-2fe1-48f8-9f7b-f9966f73cddf,100041,2025-06-22,90.89,118.16,0,10
3ff50003-2fe1-48f8-9f7b-f9966f73cddf,100002,2025-06-20,166.5,201.8,315,45
3ff50003-2fe1-48f8-9f7b-f9966f73cddf,100030,2025-06-20,74.81,89.42,154,23
3ff50003-2fe1-48f8-9f7b-f9966f73cddf,100043,2025-06-20,164.01,198.41,233,16
3ff50003-2fe1-48f8-9f7b-f9966f73cddf,100020,2025-06-20,178.33,227.95,107,10
3ff50003-2fe1-48f8-9f7b-f9966f73cddf,100028,2025-06-20,60.12,73.86,181,20
3ff50003-2fe1-48f8-9f7b-f9966f73cddf,100033,2025-06-14,20.83,21.84,323,5
3ff50003-2fe1-48f8-9f7b-f9966f73cddf,100043,2025-06-14,8.38,15.27,101,6
3ff50003-2fe1-48f8-9f7b-f9966f73cddf,100016,2025-06-14,1.81,4.42,36,1
3ff50003-2fe1-48f8-9f7b-f9966f73cddf,100015,2025-06-14,24.39,28.69,152,0
3ff50003-2fe1-48f8-9f7b-f9966f73cddf,100037,2025-06-14,14.76,37.42,167,13
3ff50003-2fe1-48f8-9f7b-f9966f73cddf,100051,2025-06-17,59.59,117.67,551,6
3ff50003-2fe1-48f8-9f7b-f9966f73cddf,100043,2025-06-17,59.83,72.77,221,16
3ff50003-2fe1-48f8-9f7b-f9966f73cddf,100014,2025-06-17,72.74,193.25,443,52
3ff50003-2fe1-48f8-9f7b-f9966f73cddf,100055,2025-06-17,16.4,16.4,126,5
3ff50003-2fe1-48f8-9f7b-f9966f73cddf,100001,2025-06-17,44.62,44.63,113,6
3ff50003-2fe1-48f8-9f7b-f9966f73cddf,100074,2025-06-17,25.56,25.78,30,9
3ff50003-2fe1-48f8-9f7b-f9966f73cddf,100042,2025-06-17,37,73.04,499,39
3ff50003-2fe1-48f8-9f7b-f9966f73cddf,100052,2025-06-17,65.12,101.91,356,24
3ff50003-2fe1-48f8-9f7b-f9966f73cddf,100047,2025-06-17,9.48,17.76,82,3
3ff50003-2fe1-48f8-9f7b-f9966f73cddf,100004,2025-06-17,26.98,32.82,187,6
3ff50003-2fe1-48f8-9f7b-f9966f73cddf,100039,2025-06-11,12.47,14.67,110,6
3ff50003-2fe1-48f8-9f7b-f9966f73cddf,100028,2025-06-11,4.54,11.79,43,5
3ff50003-2fe1-48f8-9f7b-f9966f73cddf,100064,2025-06-21,63.38,77.6,224,22
3ff50003-2fe1-48f8-9f7b-f9966f73cddf,100007,2025-06-21,35.41,45.62,52,8
3ff50003-2fe1-48f8-9f7b-f9966f73cddf,100047,2025-06-21,88,106.93,95,11
3ff50003-2fe1-48f8-9f7b-f9966f73cddf,100018,2025-06-21,72.14,88.27,88,15
3ff50003-2fe1-48f8-9f7b-f9966f73cddf,100039,2025-06-08,0.85,0.88,13,0
3ff50003-2fe1-48f8-9f7b-f9966f73cddf,100022,2025-06-08,1.9,2.12,15,3
3ff50003-2fe1-48f8-9f7b-f9966f73cddf,100014,2025-06-08,2.3,2.62,12,1
3ff50003-2fe1-48f8-9f7b-f9966f73cddf,100016,2025-06-08,0.1,0.11,2,0
3ff50003-2fe1-48f8-9f7b-f9966f73cddf,100076,2025-06-21,6.32,8.18,5,2
3ff50003-2fe1-48f8-9f7b-f9966f73cddf,100024,2025-06-21,13.35,16.99,28,4
3ff50003-2fe1-48f8-9f7b-f9966f73cddf,100073,2025-06-21,27.35,32.18,104,2
3ff50003-2fe1-48f8-9f7b-f9966f73cddf,100022,2025-06-15,14.72,36.42,173,8
3ff50003-2fe1-48f8-9f7b-f9966f73cddf,100034,2025-06-02,3.36,5.32,33,4
3ff50003-2fe1-48f8-9f7b-f9966f73cddf,100019,2025-06-02,3.78,5.96,47,1
3ff50003-2fe1-48f8-9f7b-f9966f73cddf,100021,2025-06-03,0,0,0,1
3ff50003-2fe1-48f8-9f7b-f9966f73cddf,100026,2025-06-06,7.3,8.22,38,1
3ff50003-2fe1-48f8-9f7b-f9966f73cddf,100015,2025-06-15,23.53,23.56,138,1
3ff50003-2fe1-48f8-9f7b-f9966f73cddf,100054,2025-06-15,2.43,2.86,23,1
3ff50003-2fe1-48f8-9f7b-f9966f73cddf,100034,2025-06-01,1.76,2.79,31,0
